ISO-10303-21;
HEADER;
/* Generated by software containing ST-Developer
 * from STEP Tools, Inc. (www.steptools.com) 
 */

FILE_DESCRIPTION(
/* description */ (''),
/* implementation_level */ '2;1');

FILE_NAME(
/* name */ 
'C:\\Users\\mhdk\\Documents\\GrabCAD\\\X2\3082308D3082308D\X0\\\comu\\
velodyne-vlp16.stp',
/* time_stamp */ '2022-03-04T17:38:59+09:00',
/* author */ ('mhdk'),
/* organization */ (''),
/* preprocessor_version */ 'ST-DEVELOPER v18.1',
/* originating_system */ 'Autodesk Inventor 2022',
/* authorisation */ '');

FILE_SCHEMA (('AUTOMOTIVE_DESIGN { 1 0 10303 214 3 1 1 }'));
ENDSEC;

DATA;
#10=MECHANICAL_DESIGN_GEOMETRIC_PRESENTATION_REPRESENTATION('',(#1116,#1117,
#1118,#1119,#1120,#1121,#1122,#1123,#1124,#1125,#1126,#1127,#1128,#1129,
#1130,#1131,#1132,#1133,#1134,#1135,#1136,#1137,#1138,#1139,#1140,#1141,
#1142,#1143,#1144,#1145,#1146,#1147,#1148,#1149,#1150,#1151,#1152,#1153,
#1154,#1155,#1156,#1157,#1158,#1159,#1160,#1161,#1162,#1163,#1164,#1165,
#1166,#1167,#1168,#1169,#1170,#1171,#1172,#1173,#1174,#1175,#1176,#1177,
#1178,#1179,#1180,#1181,#1182,#1183,#1184,#1185,#1186,#1187),#2859);
#11=SHAPE_REPRESENTATION_RELATIONSHIP('SRR','None',#2866,#12);
#12=ADVANCED_BREP_SHAPE_REPRESENTATION('',(#13),#2858);
#13=MANIFOLD_SOLID_BREP('\X2\30BD30EA30C330C9\X0\1',#1259);
#14=CONICAL_SURFACE('',#1355,2.54,1.23605948947808);
#15=(
BOUNDED_SURFACE()
B_SPLINE_SURFACE(1,2,((#2110,#2111,#2112,#2113,#2114,#2115,#2116,#2117,
#2118,#2119,#2120,#2121,#2122,#2123,#2124,#2125,#2126,#2127,#2128,#2129,
#2130,#2131,#2132,#2133,#2134,#2135,#2136,#2137,#2138,#2139,#2140,#2141,
#2142,#2143,#2144,#2145,#2146,#2147,#2148,#2149,#2150,#2151,#2152,#2153,
#2154,#2155,#2156,#2157,#2158,#2159,#2160,#2161,#2162,#2163,#2164,#2165,
#2166,#2167,#2168,#2169,#2170,#2171,#2172,#2173,#2174,#2175,#2176,#2177,
#2178,#2179,#2180,#2181,#2182,#2183,#2184,#2185,#2186,#2187,#2188,#2189,
#2190,#2191,#2192,#2193,#2194,#2195,#2196,#2197,#2198,#2199,#2200),(#2201,
#2202,#2203,#2204,#2205,#2206,#2207,#2208,#2209,#2210,#2211,#2212,#2213,
#2214,#2215,#2216,#2217,#2218,#2219,#2220,#2221,#2222,#2223,#2224,#2225,
#2226,#2227,#2228,#2229,#2230,#2231,#2232,#2233,#2234,#2235,#2236,#2237,
#2238,#2239,#2240,#2241,#2242,#2243,#2244,#2245,#2246,#2247,#2248,#2249,
#2250,#2251,#2252,#2253,#2254,#2255,#2256,#2257,#2258,#2259,#2260,#2261,
#2262,#2263,#2264,#2265,#2266,#2267,#2268,#2269,#2270,#2271,#2272,#2273,
#2274,#2275,#2276,#2277,#2278,#2279,#2280,#2281,#2282,#2283,#2284,#2285,
#2286,#2287,#2288,#2289,#2290,#2291)),.UNSPECIFIED.,.F.,.F.,.F.)
B_SPLINE_SURFACE_WITH_KNOTS((2,2),(3,2,2,2,2,2,2,2,2,2,2,2,2,2,2,2,2,2,
2,2,2,2,2,2,2,2,2,2,2,2,2,2,2,2,2,2,2,2,2,2,2,2,2,2,2,3),(0.,1.),(0.,0.0208333333333333,
0.0416666666666667,0.0625,0.0833333333333333,0.104166666666667,0.125,0.145833333333333,
0.166666666666667,0.1875,0.208333333333333,0.229166666666667,0.25,0.270833333333333,
0.291666666666667,0.3125,0.333333333333333,0.354166666666667,0.375,0.395833333333333,
0.416666666666667,0.4375,0.458333333333333,0.479166666666667,0.5,0.520833333333333,
0.541666666666667,0.5625,0.583333333333333,0.604166666666667,0.625,0.645833333333333,
0.666666666666667,0.6875,0.708333333333333,0.729166666666667,0.75,0.770833333333333,
0.791666666666667,0.8125,0.833333333333333,0.854166666666667,0.875,0.895833333333333,
0.909957724588706,0.919057301834593),.UNSPECIFIED.)
GEOMETRIC_REPRESENTATION_ITEM()
RATIONAL_B_SPLINE_SURFACE(((1.,0.923879532511287,1.,0.923879532511287,1.,
0.923879532511287,1.,0.923879532511287,1.,0.923879532511287,1.,0.923879532511287,
1.,0.923879532511287,1.,0.923879532511287,1.,0.923879532511287,1.,0.923879532511287,
1.,0.923879532511287,1.,0.923879532511287,1.,0.923879532511287,1.,0.923879532511287,
1.,0.923879532511287,1.,0.923879532511287,1.,0.923879532511287,1.,0.923879532511287,
1.,0.923879532511287,1.,0.923879532511287,1.,0.923879532511287,1.,0.923879532511287,
1.,0.923879532511287,1.,0.923879532511287,1.,0.923879532511287,1.,0.923879532511287,
1.,0.923879532511287,1.,0.923879532511287,1.,0.923879532511287,1.,0.923879532511287,
1.,0.923879532511287,1.,0.923879532511287,1.,0.923879532511287,1.,0.923879532511287,
1.,0.923879532511287,1.,0.923879532511287,1.,0.923879532511287,1.,0.923879532511287,
1.,0.923879532511287,1.,0.923879532511287,1.,0.923879532511287,1.,0.923879532511287,
1.,0.923879532511287,1.,0.948392547263081,0.966761784524505,0.966761784524505,
0.966761784524505),(1.,0.923879532511287,1.,0.923879532511287,1.,0.923879532511287,
1.,0.923879532511287,1.,0.923879532511287,1.,0.923879532511287,1.,0.923879532511287,
1.,0.923879532511287,1.,0.923879532511287,1.,0.923879532511287,1.,0.923879532511287,
1.,0.923879532511287,1.,0.923879532511287,1.,0.923879532511287,1.,0.923879532511287,
1.,0.923879532511287,1.,0.923879532511287,1.,0.923879532511287,1.,0.923879532511287,
1.,0.923879532511287,1.,0.923879532511287,1.,0.923879532511287,1.,0.923879532511287,
1.,0.923879532511287,1.,0.923879532511287,1.,0.923879532511287,1.,0.923879532511287,
1.,0.923879532511287,1.,0.923879532511287,1.,0.923879532511287,1.,0.923879532511287,
1.,0.923879532511287,1.,0.923879532511287,1.,0.923879532511287,1.,0.923879532511287,
1.,0.923879532511287,1.,0.923879532511287,1.,0.923879532511287,1.,0.923879532511287,
1.,0.923879532511287,1.,0.923879532511287,1.,0.923879532511287,1.,0.923879532511287,
1.,0.948392547263081,0.966761784524505,0.966761784524505,0.966761784524505)))
REPRESENTATION_ITEM('')
SURFACE()
);
#16=(
BOUNDED_SURFACE()
B_SPLINE_SURFACE(1,2,((#2554,#2555,#2556,#2557,#2558,#2559,#2560,#2561,
#2562,#2563,#2564,#2565,#2566,#2567,#2568,#2569,#2570,#2571,#2572,#2573,
#2574,#2575,#2576,#2577,#2578,#2579,#2580,#2581,#2582,#2583,#2584,#2585,
#2586,#2587,#2588,#2589,#2590,#2591,#2592,#2593,#2594,#2595,#2596,#2597,
#2598,#2599,#2600,#2601,#2602,#2603,#2604,#2605,#2606,#2607,#2608,#2609,
#2610,#2611,#2612,#2613,#2614,#2615,#2616,#2617,#2618,#2619,#2620,#2621,
#2622,#2623,#2624,#2625,#2626,#2627,#2628,#2629,#2630,#2631,#2632,#2633,
#2634,#2635,#2636,#2637,#2638,#2639,#2640,#2641,#2642),(#2643,#2644,#2645,
#2646,#2647,#2648,#2649,#2650,#2651,#2652,#2653,#2654,#2655,#2656,#2657,
#2658,#2659,#2660,#2661,#2662,#2663,#2664,#2665,#2666,#2667,#2668,#2669,
#2670,#2671,#2672,#2673,#2674,#2675,#2676,#2677,#2678,#2679,#2680,#2681,
#2682,#2683,#2684,#2685,#2686,#2687,#2688,#2689,#2690,#2691,#2692,#2693,
#2694,#2695,#2696,#2697,#2698,#2699,#2700,#2701,#2702,#2703,#2704,#2705,
#2706,#2707,#2708,#2709,#2710,#2711,#2712,#2713,#2714,#2715,#2716,#2717,
#2718,#2719,#2720,#2721,#2722,#2723,#2724,#2725,#2726,#2727,#2728,#2729,
#2730,#2731),(#2732,#2733,#2734,#2735,#2736,#2737,#2738,#2739,#2740,#2741,
#2742,#2743,#2744,#2745,#2746,#2747,#2748,#2749,#2750,#2751,#2752,#2753,
#2754,#2755,#2756,#2757,#2758,#2759,#2760,#2761,#2762,#2763,#2764,#2765,
#2766,#2767,#2768,#2769,#2770,#2771,#2772,#2773,#2774,#2775,#2776,#2777,
#2778,#2779,#2780,#2781,#2782,#2783,#2784,#2785,#2786,#2787,#2788,#2789,
#2790,#2791,#2792,#2793,#2794,#2795,#2796,#2797,#2798,#2799,#2800,#2801,
#2802,#2803,#2804,#2805,#2806,#2807,#2808,#2809,#2810,#2811,#2812,#2813,
#2814,#2815,#2816,#2817,#2818,#2819,#2820)),.UNSPECIFIED.,.F.,.F.,.F.)
B_SPLINE_SURFACE_WITH_KNOTS((2,1,2),(3,2,2,2,2,2,2,2,2,2,2,2,2,2,2,2,2,
2,2,2,2,2,2,2,2,2,2,2,2,2,2,2,2,2,2,2,2,2,2,2,2,2,2,2,3),(-0.0225316877457367,
0.,1.),(0.,0.0208333333333333,0.0416666666666667,0.0625,0.0833333333333333,
0.104166666666667,0.125,0.145833333333333,0.166666666666667,0.1875,0.208333333333333,
0.229166666666667,0.25,0.270833333333333,0.291666666666667,0.3125,0.333333333333333,
0.354166666666667,0.375,0.395833333333333,0.416666666666667,0.4375,0.458333333333333,
0.479166666666667,0.5,0.520833333333333,0.541666666666667,0.5625,0.583333333333333,
0.604166666666667,0.625,0.645833333333333,0.666666666666667,0.6875,0.708333333333333,
0.729166666666667,0.75,0.770833333333333,0.791666666666667,0.8125,0.833333333333333,
0.854166666666667,0.875,0.895833333333333,0.909957759220473),
 .UNSPECIFIED.)
GEOMETRIC_REPRESENTATION_ITEM()
RATIONAL_B_SPLINE_SURFACE(((1.,0.923879532511287,1.,0.923879532511287,1.,
0.923879532511287,1.,0.923879532511287,1.,0.923879532511287,1.,0.923879532511287,
1.,0.923879532511287,1.,0.923879532511287,1.,0.923879532511287,1.,0.923879532511287,
1.,0.923879532511287,1.,0.923879532511287,1.,0.923879532511287,1.,0.923879532511287,
1.,0.923879532511287,1.,0.923879532511287,1.,0.923879532511287,1.,0.923879532511287,
1.,0.923879532511287,1.,0.923879532511287,1.,0.923879532511287,1.,0.923879532511287,
1.,0.923879532511287,1.,0.923879532511287,1.,0.923879532511287,1.,0.923879532511287,
1.,0.923879532511287,1.,0.923879532511287,1.,0.923879532511287,1.,0.923879532511287,
1.,0.923879532511287,1.,0.923879532511287,1.,0.923879532511287,1.,0.923879532511287,
1.,0.923879532511287,1.,0.923879532511287,1.,0.923879532511287,1.,0.923879532511287,
1.,0.923879532511287,1.,0.923879532511287,1.,0.923879532511287,1.,0.923879532511287,
1.,0.923879532511287,1.,0.948392420726139,0.966761874604439),(1.,0.923879532511287,
1.,0.923879532511287,1.,0.923879532511287,1.,0.923879532511287,1.,0.923879532511287,
1.,0.923879532511287,1.,0.923879532511287,1.,0.923879532511287,1.,0.923879532511287,
1.,0.923879532511287,1.,0.923879532511287,1.,0.923879532511287,1.,0.923879532511287,
1.,0.923879532511287,1.,0.923879532511287,1.,0.923879532511287,1.,0.923879532511287,
1.,0.923879532511287,1.,0.923879532511287,1.,0.923879532511287,1.,0.923879532511287,
1.,0.923879532511287,1.,0.923879532511287,1.,0.923879532511287,1.,0.923879532511287,
1.,0.923879532511287,1.,0.923879532511287,1.,0.923879532511287,1.,0.923879532511287,
1.,0.923879532511287,1.,0.923879532511287,1.,0.923879532511287,1.,0.923879532511287,
1.,0.923879532511287,1.,0.923879532511287,1.,0.923879532511287,1.,0.923879532511287,
1.,0.923879532511287,1.,0.923879532511287,1.,0.923879532511287,1.,0.923879532511287,
1.,0.923879532511287,1.,0.923879532511287,1.,0.948392420726139,0.966761874604439),
(1.,0.923879532511287,1.,0.923879532511287,1.,0.923879532511287,1.,0.923879532511287,
1.,0.923879532511287,1.,0.923879532511287,1.,0.923879532511287,1.,0.923879532511287,
1.,0.923879532511287,1.,0.923879532511287,1.,0.923879532511287,1.,0.923879532511287,
1.,0.923879532511287,1.,0.923879532511287,1.,0.923879532511287,1.,0.923879532511287,
1.,0.923879532511287,1.,0.923879532511287,1.,0.923879532511287,1.,0.923879532511287,
1.,0.923879532511287,1.,0.923879532511287,1.,0.923879532511287,1.,0.923879532511287,
1.,0.923879532511287,1.,0.923879532511287,1.,0.923879532511287,1.,0.923879532511287,
1.,0.923879532511287,1.,0.923879532511287,1.,0.923879532511287,1.,0.923879532511287,
1.,0.923879532511287,1.,0.923879532511287,1.,0.923879532511287,1.,0.923879532511287,
1.,0.923879532511287,1.,0.923879532511287,1.,0.923879532511287,1.,0.923879532511287,
1.,0.923879532511287,1.,0.923879532511287,1.,0.923879532511287,1.,0.948392420726139,
0.966761874604439)))
REPRESENTATION_ITEM('')
SURFACE()
);
#17=(
BOUNDED_CURVE()
B_SPLINE_CURVE(2,(#1927,#1928,#1929,#1930,#1931,#1932,#1933,#1934,#1935),
 .UNSPECIFIED.,.F.,.F.)
B_SPLINE_CURVE_WITH_KNOTS((3,2,2,2,3),(0.935258078661326,0.938688155332515,
0.961582988389406,0.984477821446296,0.9999999246413),.UNSPECIFIED.)
CURVE()
GEOMETRIC_REPRESENTATION_ITEM()
RATIONAL_B_SPLINE_CURVE((0.980608594835056,0.988595722052909,1.,0.923879532511287,
1.,0.923879532511287,1.,0.948392296695252,0.966761962901163))
REPRESENTATION_ITEM('')
);
#18=(
BOUNDED_CURVE()
B_SPLINE_CURVE(2,(#2547,#2548,#2549),.UNSPECIFIED.,.F.,.F.)
B_SPLINE_CURVE_WITH_KNOTS((3,3),(0.760611903234842,0.763204421796261),
 .UNSPECIFIED.)
CURVE()
GEOMETRIC_REPRESENTATION_ITEM()
RATIONAL_B_SPLINE_CURVE((0.961953136404653,0.962130676707679,0.964665749389488))
REPRESENTATION_ITEM('')
);
#19=FACE_BOUND('',#151,.T.);
#20=FACE_BOUND('',#155,.T.);
#21=FACE_BOUND('',#157,.T.);
#22=FACE_BOUND('',#158,.T.);
#23=FACE_BOUND('',#159,.T.);
#24=FACE_BOUND('',#187,.T.);
#25=FACE_BOUND('',#196,.T.);
#26=TOROIDAL_SURFACE('',#1302,49.5,2.);
#27=PLANE('',#1288);
#28=PLANE('',#1289);
#29=PLANE('',#1296);
#30=PLANE('',#1297);
#31=PLANE('',#1301);
#32=PLANE('',#1309);
#33=PLANE('',#1310);
#34=PLANE('',#1317);
#35=PLANE('',#1318);
#36=PLANE('',#1322);
#37=PLANE('',#1331);
#38=PLANE('',#1334);
#39=PLANE('',#1337);
#40=PLANE('',#1340);
#41=PLANE('',#1343);
#42=PLANE('',#1358);
#43=PLANE('',#1360);
#44=PLANE('',#1362);
#45=PLANE('',#1364);
#46=PLANE('',#1366);
#47=PLANE('',#1368);
#48=PLANE('',#1369);
#49=PLANE('',#1370);
#50=PLANE('',#1371);
#51=PLANE('',#1372);
#52=PLANE('',#1373);
#53=PLANE('',#1374);
#54=PLANE('',#1377);
#55=PLANE('',#1381);
#56=PLANE('',#1382);
#57=PLANE('',#1383);
#58=PLANE('',#1384);
#59=PLANE('',#1385);
#60=PLANE('',#1386);
#61=PLANE('',#1387);
#62=PLANE('',#1388);
#63=PLANE('',#1393);
#64=PLANE('',#1402);
#65=PLANE('',#1416);
#66=FACE_OUTER_BOUND('',#137,.T.);
#67=FACE_OUTER_BOUND('',#138,.T.);
#68=FACE_OUTER_BOUND('',#139,.T.);
#69=FACE_OUTER_BOUND('',#140,.T.);
#70=FACE_OUTER_BOUND('',#141,.T.);
#71=FACE_OUTER_BOUND('',#142,.T.);
#72=FACE_OUTER_BOUND('',#143,.T.);
#73=FACE_OUTER_BOUND('',#144,.T.);
#74=FACE_OUTER_BOUND('',#145,.T.);
#75=FACE_OUTER_BOUND('',#146,.T.);
#76=FACE_OUTER_BOUND('',#147,.T.);
#77=FACE_OUTER_BOUND('',#148,.T.);
#78=FACE_OUTER_BOUND('',#149,.T.);
#79=FACE_OUTER_BOUND('',#150,.T.);
#80=FACE_OUTER_BOUND('',#152,.T.);
#81=FACE_OUTER_BOUND('',#153,.T.);
#82=FACE_OUTER_BOUND('',#154,.T.);
#83=FACE_OUTER_BOUND('',#156,.T.);
#84=FACE_OUTER_BOUND('',#160,.T.);
#85=FACE_OUTER_BOUND('',#161,.T.);
#86=FACE_OUTER_BOUND('',#162,.T.);
#87=FACE_OUTER_BOUND('',#163,.T.);
#88=FACE_OUTER_BOUND('',#164,.T.);
#89=FACE_OUTER_BOUND('',#165,.T.);
#90=FACE_OUTER_BOUND('',#166,.T.);
#91=FACE_OUTER_BOUND('',#167,.T.);
#92=FACE_OUTER_BOUND('',#168,.T.);
#93=FACE_OUTER_BOUND('',#169,.T.);
#94=FACE_OUTER_BOUND('',#170,.T.);
#95=FACE_OUTER_BOUND('',#171,.T.);
#96=FACE_OUTER_BOUND('',#172,.T.);
#97=FACE_OUTER_BOUND('',#173,.T.);
#98=FACE_OUTER_BOUND('',#174,.T.);
#99=FACE_OUTER_BOUND('',#175,.T.);
#100=FACE_OUTER_BOUND('',#176,.T.);
#101=FACE_OUTER_BOUND('',#177,.T.);
#102=FACE_OUTER_BOUND('',#178,.T.);
#103=FACE_OUTER_BOUND('',#179,.T.);
#104=FACE_OUTER_BOUND('',#180,.T.);
#105=FACE_OUTER_BOUND('',#181,.T.);
#106=FACE_OUTER_BOUND('',#182,.T.);
#107=FACE_OUTER_BOUND('',#183,.T.);
#108=FACE_OUTER_BOUND('',#184,.T.);
#109=FACE_OUTER_BOUND('',#185,.T.);
#110=FACE_OUTER_BOUND('',#186,.T.);
#111=FACE_OUTER_BOUND('',#188,.T.);
#112=FACE_OUTER_BOUND('',#189,.T.);
#113=FACE_OUTER_BOUND('',#190,.T.);
#114=FACE_OUTER_BOUND('',#191,.T.);
#115=FACE_OUTER_BOUND('',#192,.T.);
#116=FACE_OUTER_BOUND('',#193,.T.);
#117=FACE_OUTER_BOUND('',#194,.T.);
#118=FACE_OUTER_BOUND('',#195,.T.);
#119=FACE_OUTER_BOUND('',#197,.T.);
#120=FACE_OUTER_BOUND('',#198,.T.);
#121=FACE_OUTER_BOUND('',#199,.T.);
#122=FACE_OUTER_BOUND('',#200,.T.);
#123=FACE_OUTER_BOUND('',#201,.T.);
#124=FACE_OUTER_BOUND('',#202,.T.);
#125=FACE_OUTER_BOUND('',#203,.T.);
#126=FACE_OUTER_BOUND('',#204,.T.);
#127=FACE_OUTER_BOUND('',#205,.T.);
#128=FACE_OUTER_BOUND('',#206,.T.);
#129=FACE_OUTER_BOUND('',#207,.T.);
#130=FACE_OUTER_BOUND('',#208,.T.);
#131=FACE_OUTER_BOUND('',#209,.T.);
#132=FACE_OUTER_BOUND('',#210,.T.);
#133=FACE_OUTER_BOUND('',#211,.T.);
#134=FACE_OUTER_BOUND('',#212,.T.);
#135=FACE_OUTER_BOUND('',#213,.T.);
#136=FACE_OUTER_BOUND('',#214,.T.);
#137=EDGE_LOOP('',(#748,#749,#750,#751,#752,#753,#754,#755,#756,#757,#758));
#138=EDGE_LOOP('',(#759,#760,#761,#762));
#139=EDGE_LOOP('',(#763,#764,#765,#766));
#140=EDGE_LOOP('',(#767,#768,#769,#770));
#141=EDGE_LOOP('',(#771,#772,#773,#774));
#142=EDGE_LOOP('',(#775,#776,#777,#778));
#143=EDGE_LOOP('',(#779));
#144=EDGE_LOOP('',(#780,#781,#782,#783));
#145=EDGE_LOOP('',(#784,#785,#786,#787));
#146=EDGE_LOOP('',(#788));
#147=EDGE_LOOP('',(#789,#790,#791,#792,#793));
#148=EDGE_LOOP('',(#794,#795,#796,#797,#798));
#149=EDGE_LOOP('',(#799));
#150=EDGE_LOOP('',(#800));
#151=EDGE_LOOP('',(#801));
#152=EDGE_LOOP('',(#802,#803,#804,#805));
#153=EDGE_LOOP('',(#806,#807,#808,#809,#810,#811,#812,#813,#814,#815,#816));
#154=EDGE_LOOP('',(#817,#818));
#155=EDGE_LOOP('',(#819));
#156=EDGE_LOOP('',(#820,#821));
#157=EDGE_LOOP('',(#822,#823,#824,#825));
#158=EDGE_LOOP('',(#826));
#159=EDGE_LOOP('',(#827));
#160=EDGE_LOOP('',(#828,#829,#830,#831,#832));
#161=EDGE_LOOP('',(#833,#834,#835,#836));
#162=EDGE_LOOP('',(#837,#838,#839));
#163=EDGE_LOOP('',(#840,#841,#842,#843,#844,#845,#846,#847,#848,#849,#850,
#851));
#164=EDGE_LOOP('',(#852,#853,#854,#855));
#165=EDGE_LOOP('',(#856,#857,#858,#859));
#166=EDGE_LOOP('',(#860,#861,#862,#863));
#167=EDGE_LOOP('',(#864,#865,#866,#867));
#168=EDGE_LOOP('',(#868,#869,#870,#871));
#169=EDGE_LOOP('',(#872,#873,#874,#875));
#170=EDGE_LOOP('',(#876,#877,#878,#879,#880,#881,#882,#883,#884,#885));
#171=EDGE_LOOP('',(#886,#887,#888,#889,#890,#891));
#172=EDGE_LOOP('',(#892,#893,#894,#895));
#173=EDGE_LOOP('',(#896,#897,#898,#899));
#174=EDGE_LOOP('',(#900,#901,#902,#903));
#175=EDGE_LOOP('',(#904,#905,#906,#907));
#176=EDGE_LOOP('',(#908,#909,#910,#911));
#177=EDGE_LOOP('',(#912,#913,#914,#915,#916,#917));
#178=EDGE_LOOP('',(#918,#919,#920,#921,#922,#923));
#179=EDGE_LOOP('',(#924,#925,#926,#927,#928,#929));
#180=EDGE_LOOP('',(#930,#931,#932,#933,#934,#935));
#181=EDGE_LOOP('',(#936,#937,#938,#939,#940,#941));
#182=EDGE_LOOP('',(#942,#943,#944,#945,#946,#947));
#183=EDGE_LOOP('',(#948,#949,#950,#951));
#184=EDGE_LOOP('',(#952,#953,#954,#955));
#185=EDGE_LOOP('',(#956,#957,#958,#959,#960,#961,#962,#963,#964));
#186=EDGE_LOOP('',(#965));
#187=EDGE_LOOP('',(#966));
#188=EDGE_LOOP('',(#967,#968,#969,#970));
#189=EDGE_LOOP('',(#971,#972,#973,#974));
#190=EDGE_LOOP('',(#975,#976,#977,#978,#979));
#191=EDGE_LOOP('',(#980,#981,#982,#983));
#192=EDGE_LOOP('',(#984,#985,#986,#987));
#193=EDGE_LOOP('',(#988,#989,#990,#991,#992));
#194=EDGE_LOOP('',(#993,#994,#995,#996,#997,#998,#999,#1000,#1001,#1002,
#1003));
#195=EDGE_LOOP('',(#1004,#1005,#1006,#1007,#1008,#1009,#1010,#1011,#1012,
#1013,#1014,#1015));
#196=EDGE_LOOP('',(#1016));
#197=EDGE_LOOP('',(#1017,#1018,#1019,#1020,#1021));
#198=EDGE_LOOP('',(#1022));
#199=EDGE_LOOP('',(#1023,#1024,#1025,#1026));
#200=EDGE_LOOP('',(#1027,#1028,#1029,#1030));
#201=EDGE_LOOP('',(#1031,#1032,#1033,#1034));
#202=EDGE_LOOP('',(#1035,#1036,#1037,#1038));
#203=EDGE_LOOP('',(#1039,#1040,#1041,#1042));
#204=EDGE_LOOP('',(#1043,#1044,#1045,#1046));
#205=EDGE_LOOP('',(#1047,#1048,#1049,#1050));
#206=EDGE_LOOP('',(#1051,#1052,#1053,#1054));
#207=EDGE_LOOP('',(#1055,#1056,#1057,#1058));
#208=EDGE_LOOP('',(#1059,#1060,#1061,#1062));
#209=EDGE_LOOP('',(#1063,#1064,#1065,#1066));
#210=EDGE_LOOP('',(#1067,#1068,#1069,#1070));
#211=EDGE_LOOP('',(#1071,#1072,#1073));
#212=EDGE_LOOP('',(#1074,#1075,#1076,#1077));
#213=EDGE_LOOP('',(#1078,#1079,#1080,#1081,#1082,#1083));
#214=EDGE_LOOP('',(#1084,#1085,#1086,#1087));
#215=B_SPLINE_CURVE_WITH_KNOTS('',3,(#1802,#1803,#1804,#1805),
 .UNSPECIFIED.,.F.,.F.,(4,4),(1.5102888727209,1.63667988481218),
 .UNSPECIFIED.);
#216=B_SPLINE_CURVE_WITH_KNOTS('',3,(#1807,#1808,#1809,#1810,#1811,#1812,
#1813,#1814,#1815,#1816,#1817,#1818,#1819,#1820,#1821,#1822,#1823,#1824),
 .UNSPECIFIED.,.F.,.F.,(4,2,2,2,2,2,2,2,4),(-0.870922750841684,-0.783319177720565,
-0.696219546231976,-0.53502711648437,-0.417941587088808,-0.325668837611363,
-0.24174460776912,-0.122760874617183,0.),.UNSPECIFIED.);
#217=B_SPLINE_CURVE_WITH_KNOTS('',3,(#1825,#1826,#1827,#1828,#1829,#1830),
 .UNSPECIFIED.,.F.,.F.,(4,2,4),(0.471509437149194,0.589386769278188,0.671642198445021),
 .UNSPECIFIED.);
#218=B_SPLINE_CURVE_WITH_KNOTS('',3,(#1892,#1893,#1894,#1895,#1896,#1897,
#1898,#1899,#1900,#1901),.UNSPECIFIED.,.F.,.F.,(4,2,2,2,4),(0.103626174448684,
0.117877386445603,0.235754772891206,0.3536321050202,0.471509437149194),
 .UNSPECIFIED.);
#219=B_SPLINE_CURVE_WITH_KNOTS('',3,(#1903,#1904,#1905,#1906,#1907,#1908,
#1909,#1910,#1911,#1912,#1913,#1914),.UNSPECIFIED.,.F.,.F.,(4,2,2,2,2,4),
(-0.391909276974766,-0.321484540554918,-0.25905986872304,-0.183026927225511,
-0.104690122597657,0.),.UNSPECIFIED.);
#220=B_SPLINE_CURVE_WITH_KNOTS('',3,(#1915,#1916,#1917,#1918,#1919,#1920),
 .UNSPECIFIED.,.F.,.F.,(4,2,4),(1.63667988481218,1.77306981884744,1.77559097583302),
 .UNSPECIFIED.);
#221=B_SPLINE_CURVE_WITH_KNOTS('',3,(#1938,#1939,#1940,#1941,#1942,#1943,
#1944,#1945,#1946,#1947,#1948,#1949,#1950,#1951,#1952,#1953,#1954,#1955,
#1956,#1957,#1958,#1959,#1960,#1961,#1962,#1963,#1964,#1965,#1966,#1967,
#1968,#1969,#1970,#1971,#1972,#1973,#1974,#1975,#1976,#1977,#1978,#1979,
#1980,#1981,#1982,#1983,#1984,#1985,#1986,#1987,#1988,#1989,#1990,#1991,
#1992,#1993,#1994,#1995,#1996,#1997,#1998,#1999,#2000,#2001,#2002,#2003,
#2004,#2005,#2006,#2007,#2008,#2009,#2010,#2011,#2012,#2013,#2014,#2015,
#2016,#2017,#2018,#2019,#2020,#2021,#2022,#2023,#2024,#2025,#2026,#2027,
#2028,#2029,#2030,#2031,#2032,#2033,#2034,#2035,#2036,#2037,#2038,#2039,
#2040,#2041,#2042,#2043,#2044,#2045,#2046,#2047,#2048,#2049,#2050,#2051,
#2052,#2053,#2054,#2055,#2056,#2057,#2058,#2059,#2060,#2061,#2062,#2063,
#2064,#2065,#2066,#2067,#2068,#2069,#2070,#2071,#2072,#2073,#2074,#2075,
#2076,#2077,#2078,#2079,#2080,#2081,#2082,#2083,#2084,#2085,#2086,#2087,
#2088,#2089,#2090,#2091,#2092,#2093,#2094,#2095,#2096,#2097,#2098,#2099,
#2100,#2101,#2102,#2103,#2104,#2105,#2106,#2107,#2108,#2109),
 .UNSPECIFIED.,.F.,.F.,(4,3,3,3,3,3,3,3,3,3,3,3,3,3,3,3,3,3,3,3,3,3,3,3,
3,3,3,3,3,3,3,3,3,3,3,3,3,3,3,3,3,3,3,3,3,3,3,3,3,3,3,3,3,3,3,3,3,4),(0.88006090337291,
0.882248488020215,0.884437501805137,0.886636576333017,0.888842608738089,
0.891066907457148,0.892898589815904,0.895126626471211,0.897339297536711,
0.899646063526148,0.901837293803799,0.904025329109768,0.906213230275781,
0.908404057291326,0.910606208233888,0.912816555811392,0.915044205051568,
0.915793425452209,0.918021462107511,0.920234133173045,0.922540899162478,
0.924732129440137,0.926920164746102,0.929108065912138,0.931298892927673,
0.933501043870235,0.935711391447763,0.937939040687954,0.938688261088514,
0.940916297743822,0.943128968809383,0.945435734798813,0.947626965076465,
0.949815000382437,0.952002901548472,0.95419372856398,0.956395879506546,
0.95860622708408,0.960833876324253,0.961583096724819,0.963811133380131,
0.966023804445669,0.968330570435101,0.97052180071276,0.972709836018722,
0.974897737184739,0.977088564200247,0.979290715142813,0.981501062720321,
0.983728711960496,0.984477932361124,0.98670268242654,0.988913507376335,
0.991113571182607,0.993335168965996,0.995523127426419,0.997761544871292,
0.999999962316165),.UNSPECIFIED.);
#222=B_SPLINE_CURVE_WITH_KNOTS('',3,(#2293,#2294,#2295,#2296,#2297,#2298,
#2299),.UNSPECIFIED.,.F.,.F.,(4,3,4),(0.90705806050226,0.908993277768425,
0.909957724588706),.UNSPECIFIED.);
#223=B_SPLINE_CURVE_WITH_KNOTS('',3,(#2300,#2301,#2302,#2303,#2304,#2305),
 .UNSPECIFIED.,.F.,.F.,(4,2,4),(-0.0566964283551255,-0.028363107819032,
-1.41826619892704E-11),.UNSPECIFIED.);
#224=B_SPLINE_CURVE_WITH_KNOTS('',3,(#2327,#2328,#2329,#2330,#2331,#2332),
 .UNSPECIFIED.,.F.,.F.,(4,2,4),(0.000458631041778477,0.0064203612629469,
0.0123940845782542),.UNSPECIFIED.);
#225=B_SPLINE_CURVE_WITH_KNOTS('',3,(#2821,#2822,#2823,#2824,#2825,#2826,
#2827,#2828,#2829,#2830,#2831,#2832,#2833,#2834,#2835,#2836,#2837,#2838,
#2839,#2840,#2841,#2842,#2843,#2844,#2845,#2846,#2847,#2848,#2849,#2850,
#2851,#2852,#2853,#2854),.UNSPECIFIED.,.F.,.F.,(4,2,2,2,2,2,2,2,2,2,2,2,
2,2,2,2,4),(1.45503404914032E-5,0.0756026792354458,0.150351886090383,0.292358560081716,
0.432808678759767,0.574704234618635,0.715320115825187,0.857107463477568,
0.997895845196893,1.14124554931574,1.28045080760967,1.42391666394735,1.56309268369777,
1.70667313629823,1.84582975627778,1.92150194615076,1.99772250004278),
 .UNSPECIFIED.);
#226=CIRCLE('',#1283,51.5);
#227=CIRCLE('',#1284,51.5);
#228=CIRCLE('',#1286,2.032);
#229=CIRCLE('',#1287,2.032);
#230=CIRCLE('',#1291,2.032);
#231=CIRCLE('',#1292,2.032);
#232=CIRCLE('',#1294,2.032);
#233=CIRCLE('',#1295,2.032);
#234=CIRCLE('',#1299,2.4892);
#235=CIRCLE('',#1300,2.4892);
#236=CIRCLE('',#1303,49.5);
#237=CIRCLE('',#1304,2.);
#238=CIRCLE('',#1305,51.5);
#239=CIRCLE('',#1306,51.5);
#240=CIRCLE('',#1308,51.5);
#241=CIRCLE('',#1311,51.45);
#242=CIRCLE('',#1313,51.45);
#243=CIRCLE('',#1315,51.5);
#244=CIRCLE('',#1316,51.5);
#245=CIRCLE('',#1321,3.61949999999994);
#246=CIRCLE('',#1323,1.27);
#247=CIRCLE('',#1324,1.27);
#248=CIRCLE('',#1325,1.27);
#249=CIRCLE('',#1326,3.61949999999994);
#250=CIRCLE('',#1327,3.61949999999994);
#251=CIRCLE('',#1329,4.25450000000004);
#252=CIRCLE('',#1330,4.25450000000004);
#253=CIRCLE('',#1332,1.27);
#254=CIRCLE('',#1333,5.461);
#255=CIRCLE('',#1335,1.27);
#256=CIRCLE('',#1336,5.461);
#257=CIRCLE('',#1338,1.27);
#258=CIRCLE('',#1339,5.461);
#259=CIRCLE('',#1341,1.27);
#260=CIRCLE('',#1342,5.461);
#261=CIRCLE('',#1344,1.27);
#262=CIRCLE('',#1345,5.461);
#263=CIRCLE('',#1347,5.461);
#264=CIRCLE('',#1348,5.461);
#265=CIRCLE('',#1349,5.461);
#266=CIRCLE('',#1350,5.461);
#267=CIRCLE('',#1351,5.461);
#268=CIRCLE('',#1352,5.461);
#269=CIRCLE('',#1353,5.461);
#270=CIRCLE('',#1354,5.461);
#271=CIRCLE('',#1356,2.54);
#272=CIRCLE('',#1357,2.54);
#273=CIRCLE('',#1359,1.27);
#274=CIRCLE('',#1361,1.27);
#275=CIRCLE('',#1363,1.27);
#276=CIRCLE('',#1365,1.27);
#277=CIRCLE('',#1367,1.27);
#278=CIRCLE('',#1375,1.27);
#279=CIRCLE('',#1376,5.461);
#280=CIRCLE('',#1378,1.27);
#281=CIRCLE('',#1380,5.461);
#282=CIRCLE('',#1389,3.61949999999994);
#283=CIRCLE('',#1390,1.27);
#284=CIRCLE('',#1391,1.27);
#285=CIRCLE('',#1392,1.27);
#286=CIRCLE('',#1394,1.27);
#287=CIRCLE('',#1395,1.27);
#288=CIRCLE('',#1396,1.27);
#289=CIRCLE('',#1397,1.27);
#290=CIRCLE('',#1398,1.27);
#291=CIRCLE('',#1399,1.27);
#292=CIRCLE('',#1401,2.54);
#293=LINE('',#1786,#383);
#294=LINE('',#1788,#384);
#295=LINE('',#1790,#385);
#296=LINE('',#1794,#386);
#297=LINE('',#1798,#387);
#298=LINE('',#1800,#388);
#299=LINE('',#1836,#389);
#300=LINE('',#1839,#390);
#301=LINE('',#1842,#391);
#302=LINE('',#1844,#392);
#303=LINE('',#1845,#393);
#304=LINE('',#1848,#394);
#305=LINE('',#1850,#395);
#306=LINE('',#1851,#396);
#307=LINE('',#1859,#397);
#308=LINE('',#1867,#398);
#309=LINE('',#1880,#399);
#310=LINE('',#1888,#400);
#311=LINE('',#1937,#401);
#312=LINE('',#2309,#402);
#313=LINE('',#2311,#403);
#314=LINE('',#2315,#404);
#315=LINE('',#2319,#405);
#316=LINE('',#2322,#406);
#317=LINE('',#2323,#407);
#318=LINE('',#2338,#408);
#319=LINE('',#2343,#409);
#320=LINE('',#2347,#410);
#321=LINE('',#2352,#411);
#322=LINE('',#2355,#412);
#323=LINE('',#2360,#413);
#324=LINE('',#2363,#414);
#325=LINE('',#2368,#415);
#326=LINE('',#2371,#416);
#327=LINE('',#2376,#417);
#328=LINE('',#2379,#418);
#329=LINE('',#2395,#419);
#330=LINE('',#2401,#420);
#331=LINE('',#2407,#421);
#332=LINE('',#2410,#422);
#333=LINE('',#2413,#423);
#334=LINE('',#2416,#424);
#335=LINE('',#2419,#425);
#336=LINE('',#2422,#426);
#337=LINE('',#2425,#427);
#338=LINE('',#2428,#428);
#339=LINE('',#2431,#429);
#340=LINE('',#2434,#430);
#341=LINE('',#2436,#431);
#342=LINE('',#2438,#432);
#343=LINE('',#2439,#433);
#344=LINE('',#2442,#434);
#345=LINE('',#2443,#435);
#346=LINE('',#2445,#436);
#347=LINE('',#2446,#437);
#348=LINE('',#2449,#438);
#349=LINE('',#2450,#439);
#350=LINE('',#2451,#440);
#351=LINE('',#2453,#441);
#352=LINE('',#2454,#442);
#353=LINE('',#2456,#443);
#354=LINE('',#2457,#444);
#355=LINE('',#2459,#445);
#356=LINE('',#2460,#446);
#357=LINE('',#2468,#447);
#358=LINE('',#2474,#448);
#359=LINE('',#2476,#449);
#360=LINE('',#2478,#450);
#361=LINE('',#2479,#451);
#362=LINE('',#2483,#452);
#363=LINE('',#2485,#453);
#364=LINE('',#2487,#454);
#365=LINE('',#2488,#455);
#366=LINE('',#2491,#456);
#367=LINE('',#2493,#457);
#368=LINE('',#2495,#458);
#369=LINE('',#2496,#459);
#370=LINE('',#2500,#460);
#371=LINE('',#2501,#461);
#372=LINE('',#2502,#462);
#373=LINE('',#2506,#463);
#374=LINE('',#2507,#464);
#375=LINE('',#2508,#465);
#376=LINE('',#2512,#466);
#377=LINE('',#2514,#467);
#378=LINE('',#2515,#468);
#379=LINE('',#2516,#469);
#380=LINE('',#2532,#470);
#381=LINE('',#2552,#471);
#382=LINE('',#2553,#472);
#383=VECTOR('',#1422,51.5);
#384=VECTOR('',#1423,10.);
#385=VECTOR('',#1424,51.5);
#386=VECTOR('',#1427,51.5);
#387=VECTOR('',#1430,51.5);
#388=VECTOR('',#1431,10.);
#389=VECTOR('',#1436,10.);
#390=VECTOR('',#1439,10.);
#391=VECTOR('',#1442,10.);
#392=VECTOR('',#1443,10.);
#393=VECTOR('',#1444,10.);
#394=VECTOR('',#1447,10.);
#395=VECTOR('',#1448,10.);
#396=VECTOR('',#1449,10.);
#397=VECTOR('',#1460,2.032);
#398=VECTOR('',#1471,2.4892);
#399=VECTOR('',#1488,51.5);
#400=VECTOR('',#1499,51.45);
#401=VECTOR('',#1514,10.);
#402=VECTOR('',#1521,10.);
#403=VECTOR('',#1522,1000.);
#404=VECTOR('',#1525,1000.);
#405=VECTOR('',#1528,1000.);
#406=VECTOR('',#1531,1000.);
#407=VECTOR('',#1532,10.);
#408=VECTOR('',#1541,4.25450000000004);
#409=VECTOR('',#1546,1000.);
#410=VECTOR('',#1549,1000.);
#411=VECTOR('',#1554,1000.);
#412=VECTOR('',#1557,1000.);
#413=VECTOR('',#1562,1000.);
#414=VECTOR('',#1565,1000.);
#415=VECTOR('',#1570,1000.);
#416=VECTOR('',#1573,1000.);
#417=VECTOR('',#1578,1000.);
#418=VECTOR('',#1581,1000.);
#419=VECTOR('',#1598,5.461);
#420=VECTOR('',#1605,2.54);
#421=VECTOR('',#1612,1000.);
#422=VECTOR('',#1615,1000.);
#423=VECTOR('',#1618,1000.);
#424=VECTOR('',#1621,1000.);
#425=VECTOR('',#1624,1000.);
#426=VECTOR('',#1627,1000.);
#427=VECTOR('',#1630,1000.);
#428=VECTOR('',#1633,1000.);
#429=VECTOR('',#1636,1000.);
#430=VECTOR('',#1639,1000.);
#431=VECTOR('',#1642,1000.);
#432=VECTOR('',#1643,1000.);
#433=VECTOR('',#1644,1000.);
#434=VECTOR('',#1647,1000.);
#435=VECTOR('',#1648,1000.);
#436=VECTOR('',#1649,1000.);
#437=VECTOR('',#1650,1000.);
#438=VECTOR('',#1653,1000.);
#439=VECTOR('',#1654,1000.);
#440=VECTOR('',#1655,1000.);
#441=VECTOR('',#1658,1000.);
#442=VECTOR('',#1659,1000.);
#443=VECTOR('',#1662,1000.);
#444=VECTOR('',#1663,1000.);
#445=VECTOR('',#1666,1000.);
#446=VECTOR('',#1667,1000.);
#447=VECTOR('',#1680,5.461);
#448=VECTOR('',#1687,1000.);
#449=VECTOR('',#1688,1000.);
#450=VECTOR('',#1689,1000.);
#451=VECTOR('',#1690,1000.);
#452=VECTOR('',#1693,1000.);
#453=VECTOR('',#1694,1000.);
#454=VECTOR('',#1695,1000.);
#455=VECTOR('',#1696,1000.);
#456=VECTOR('',#1699,1000.);
#457=VECTOR('',#1700,1000.);
#458=VECTOR('',#1701,1000.);
#459=VECTOR('',#1702,1000.);
#460=VECTOR('',#1705,1000.);
#461=VECTOR('',#1706,1000.);
#462=VECTOR('',#1707,1000.);
#463=VECTOR('',#1710,1000.);
#464=VECTOR('',#1711,1000.);
#465=VECTOR('',#1712,1000.);
#466=VECTOR('',#1715,1000.);
#467=VECTOR('',#1716,1000.);
#468=VECTOR('',#1717,1000.);
#469=VECTOR('',#1718,1000.);
#470=VECTOR('',#1747,2.54);
#471=VECTOR('',#1778,1000.);
#472=VECTOR('',#1779,10.);
#473=VERTEX_POINT('',#1784);
#474=VERTEX_POINT('',#1785);
#475=VERTEX_POINT('',#1787);
#476=VERTEX_POINT('',#1789);
#477=VERTEX_POINT('',#1791);
#478=VERTEX_POINT('',#1793);
#479=VERTEX_POINT('',#1795);
#480=VERTEX_POINT('',#1797);
#481=VERTEX_POINT('',#1799);
#482=VERTEX_POINT('',#1801);
#483=VERTEX_POINT('',#1806);
#484=VERTEX_POINT('',#1832);
#485=VERTEX_POINT('',#1833);
#486=VERTEX_POINT('',#1835);
#487=VERTEX_POINT('',#1837);
#488=VERTEX_POINT('',#1841);
#489=VERTEX_POINT('',#1843);
#490=VERTEX_POINT('',#1847);
#491=VERTEX_POINT('',#1849);
#492=VERTEX_POINT('',#1856);
#493=VERTEX_POINT('',#1858);
#494=VERTEX_POINT('',#1864);
#495=VERTEX_POINT('',#1866);
#496=VERTEX_POINT('',#1871);
#497=VERTEX_POINT('',#1873);
#498=VERTEX_POINT('',#1875);
#499=VERTEX_POINT('',#1879);
#500=VERTEX_POINT('',#1884);
#501=VERTEX_POINT('',#1887);
#502=VERTEX_POINT('',#1891);
#503=VERTEX_POINT('',#1902);
#504=VERTEX_POINT('',#1926);
#505=VERTEX_POINT('',#1936);
#506=VERTEX_POINT('',#2292);
#507=VERTEX_POINT('',#2310);
#508=VERTEX_POINT('',#2312);
#509=VERTEX_POINT('',#2314);
#510=VERTEX_POINT('',#2316);
#511=VERTEX_POINT('',#2318);
#512=VERTEX_POINT('',#2320);
#513=VERTEX_POINT('',#2324);
#514=VERTEX_POINT('',#2326);
#515=VERTEX_POINT('',#2335);
#516=VERTEX_POINT('',#2337);
#517=VERTEX_POINT('',#2341);
#518=VERTEX_POINT('',#2342);
#519=VERTEX_POINT('',#2344);
#520=VERTEX_POINT('',#2346);
#521=VERTEX_POINT('',#2350);
#522=VERTEX_POINT('',#2351);
#523=VERTEX_POINT('',#2353);
#524=VERTEX_POINT('',#2358);
#525=VERTEX_POINT('',#2359);
#526=VERTEX_POINT('',#2361);
#527=VERTEX_POINT('',#2366);
#528=VERTEX_POINT('',#2367);
#529=VERTEX_POINT('',#2369);
#530=VERTEX_POINT('',#2374);
#531=VERTEX_POINT('',#2375);
#532=VERTEX_POINT('',#2377);
#533=VERTEX_POINT('',#2382);
#534=VERTEX_POINT('',#2383);
#535=VERTEX_POINT('',#2385);
#536=VERTEX_POINT('',#2387);
#537=VERTEX_POINT('',#2389);
#538=VERTEX_POINT('',#2391);
#539=VERTEX_POINT('',#2394);
#540=VERTEX_POINT('',#2396);
#541=VERTEX_POINT('',#2400);
#542=VERTEX_POINT('',#2402);
#543=VERTEX_POINT('',#2406);
#544=VERTEX_POINT('',#2408);
#545=VERTEX_POINT('',#2412);
#546=VERTEX_POINT('',#2414);
#547=VERTEX_POINT('',#2418);
#548=VERTEX_POINT('',#2420);
#549=VERTEX_POINT('',#2424);
#550=VERTEX_POINT('',#2426);
#551=VERTEX_POINT('',#2430);
#552=VERTEX_POINT('',#2432);
#553=VERTEX_POINT('',#2437);
#554=VERTEX_POINT('',#2441);
#555=VERTEX_POINT('',#2444);
#556=VERTEX_POINT('',#2448);
#557=VERTEX_POINT('',#2467);
#558=VERTEX_POINT('',#2472);
#559=VERTEX_POINT('',#2473);
#560=VERTEX_POINT('',#2475);
#561=VERTEX_POINT('',#2477);
#562=VERTEX_POINT('',#2481);
#563=VERTEX_POINT('',#2482);
#564=VERTEX_POINT('',#2484);
#565=VERTEX_POINT('',#2486);
#566=VERTEX_POINT('',#2490);
#567=VERTEX_POINT('',#2492);
#568=VERTEX_POINT('',#2494);
#569=VERTEX_POINT('',#2498);
#570=VERTEX_POINT('',#2499);
#571=VERTEX_POINT('',#2504);
#572=VERTEX_POINT('',#2505);
#573=VERTEX_POINT('',#2510);
#574=VERTEX_POINT('',#2511);
#575=VERTEX_POINT('',#2513);
#576=VERTEX_POINT('',#2530);
#577=VERTEX_POINT('',#2551);
#578=EDGE_CURVE('',#473,#474,#293,.T.);
#579=EDGE_CURVE('',#475,#473,#294,.T.);
#580=EDGE_CURVE('',#476,#475,#295,.T.);
#581=EDGE_CURVE('',#476,#477,#226,.T.);
#582=EDGE_CURVE('',#478,#477,#296,.T.);
#583=EDGE_CURVE('',#479,#478,#227,.T.);
#584=EDGE_CURVE('',#480,#479,#297,.T.);
#585=EDGE_CURVE('',#481,#480,#298,.T.);
#586=EDGE_CURVE('',#482,#481,#215,.T.);
#587=EDGE_CURVE('',#483,#482,#216,.T.);
#588=EDGE_CURVE('',#474,#483,#217,.T.);
#589=EDGE_CURVE('',#484,#485,#228,.T.);
#590=EDGE_CURVE('',#486,#484,#299,.T.);
#591=EDGE_CURVE('',#487,#486,#229,.T.);
#592=EDGE_CURVE('',#487,#485,#300,.T.);
#593=EDGE_CURVE('',#485,#488,#301,.T.);
#594=EDGE_CURVE('',#489,#487,#302,.T.);
#595=EDGE_CURVE('',#489,#488,#303,.T.);
#596=EDGE_CURVE('',#490,#484,#304,.T.);
#597=EDGE_CURVE('',#491,#490,#305,.T.);
#598=EDGE_CURVE('',#486,#491,#306,.T.);
#599=EDGE_CURVE('',#488,#490,#230,.T.);
#600=EDGE_CURVE('',#491,#489,#231,.T.);
#601=EDGE_CURVE('',#492,#492,#232,.T.);
#602=EDGE_CURVE('',#492,#493,#307,.T.);
#603=EDGE_CURVE('',#493,#493,#233,.T.);
#604=EDGE_CURVE('',#494,#494,#234,.T.);
#605=EDGE_CURVE('',#494,#495,#308,.T.);
#606=EDGE_CURVE('',#495,#495,#235,.T.);
#607=EDGE_CURVE('',#496,#496,#236,.T.);
#608=EDGE_CURVE('',#496,#497,#237,.T.);
#609=EDGE_CURVE('',#497,#498,#238,.T.);
#610=EDGE_CURVE('',#498,#497,#239,.T.);
#611=EDGE_CURVE('',#498,#499,#309,.T.);
#612=EDGE_CURVE('',#499,#499,#240,.T.);
#613=EDGE_CURVE('',#500,#500,#241,.T.);
#614=EDGE_CURVE('',#500,#501,#310,.T.);
#615=EDGE_CURVE('',#501,#501,#242,.T.);
#616=EDGE_CURVE('',#502,#474,#218,.T.);
#617=EDGE_CURVE('',#503,#502,#219,.T.);
#618=EDGE_CURVE('',#481,#503,#220,.T.);
#619=EDGE_CURVE('',#478,#479,#243,.T.);
#620=EDGE_CURVE('',#477,#476,#244,.T.);
#621=EDGE_CURVE('',#483,#504,#17,.T.);
#622=EDGE_CURVE('',#504,#505,#311,.T.);
#623=EDGE_CURVE('',#502,#505,#221,.T.);
#624=EDGE_CURVE('',#482,#506,#222,.T.);
#625=EDGE_CURVE('',#506,#504,#223,.T.);
#626=EDGE_CURVE('',#506,#481,#245,.T.);
#627=EDGE_CURVE('',#475,#473,#312,.T.);
#628=EDGE_CURVE('',#475,#507,#313,.T.);
#629=EDGE_CURVE('',#507,#508,#246,.T.);
#630=EDGE_CURVE('',#508,#509,#314,.T.);
#631=EDGE_CURVE('',#509,#510,#247,.T.);
#632=EDGE_CURVE('',#510,#511,#315,.T.);
#633=EDGE_CURVE('',#511,#512,#248,.T.);
#634=EDGE_CURVE('',#512,#480,#316,.T.);
#635=EDGE_CURVE('',#481,#480,#317,.T.);
#636=EDGE_CURVE('',#481,#513,#249,.T.);
#637=EDGE_CURVE('',#513,#514,#224,.T.);
#638=EDGE_CURVE('',#514,#473,#250,.T.);
#639=EDGE_CURVE('',#515,#515,#251,.T.);
#640=EDGE_CURVE('',#515,#516,#318,.T.);
#641=EDGE_CURVE('',#516,#516,#252,.T.);
#642=EDGE_CURVE('',#517,#518,#319,.T.);
#643=EDGE_CURVE('',#518,#519,#253,.T.);
#644=EDGE_CURVE('',#519,#520,#320,.T.);
#645=EDGE_CURVE('',#517,#520,#254,.T.);
#646=EDGE_CURVE('',#521,#522,#321,.T.);
#647=EDGE_CURVE('',#522,#523,#255,.T.);
#648=EDGE_CURVE('',#523,#517,#322,.T.);
#649=EDGE_CURVE('',#521,#517,#256,.T.);
#650=EDGE_CURVE('',#524,#525,#323,.T.);
#651=EDGE_CURVE('',#525,#526,#257,.T.);
#652=EDGE_CURVE('',#526,#521,#324,.T.);
#653=EDGE_CURVE('',#524,#521,#258,.T.);
#654=EDGE_CURVE('',#527,#528,#325,.T.);
#655=EDGE_CURVE('',#528,#529,#259,.T.);
#656=EDGE_CURVE('',#529,#524,#326,.T.);
#657=EDGE_CURVE('',#527,#524,#260,.T.);
#658=EDGE_CURVE('',#530,#531,#327,.T.);
#659=EDGE_CURVE('',#531,#532,#261,.T.);
#660=EDGE_CURVE('',#532,#527,#328,.T.);
#661=EDGE_CURVE('',#530,#527,#262,.T.);
#662=EDGE_CURVE('',#533,#534,#263,.T.);
#663=EDGE_CURVE('',#534,#535,#264,.T.);
#664=EDGE_CURVE('',#535,#536,#265,.T.);
#665=EDGE_CURVE('',#536,#537,#266,.T.);
#666=EDGE_CURVE('',#537,#538,#267,.T.);
#667=EDGE_CURVE('',#538,#533,#268,.T.);
#668=EDGE_CURVE('',#533,#539,#329,.T.);
#669=EDGE_CURVE('',#540,#539,#269,.T.);
#670=EDGE_CURVE('',#539,#540,#270,.T.);
#671=EDGE_CURVE('',#540,#541,#330,.T.);
#672=EDGE_CURVE('',#542,#541,#271,.T.);
#673=EDGE_CURVE('',#541,#542,#272,.T.);
#674=EDGE_CURVE('',#543,#535,#331,.T.);
#675=EDGE_CURVE('',#543,#544,#273,.T.);
#676=EDGE_CURVE('',#536,#544,#332,.T.);
#677=EDGE_CURVE('',#545,#534,#333,.T.);
#678=EDGE_CURVE('',#545,#546,#274,.T.);
#679=EDGE_CURVE('',#535,#546,#334,.T.);
#680=EDGE_CURVE('',#547,#533,#335,.T.);
#681=EDGE_CURVE('',#547,#548,#275,.T.);
#682=EDGE_CURVE('',#534,#548,#336,.T.);
#683=EDGE_CURVE('',#549,#538,#337,.T.);
#684=EDGE_CURVE('',#549,#550,#276,.T.);
#685=EDGE_CURVE('',#533,#550,#338,.T.);
#686=EDGE_CURVE('',#551,#537,#339,.T.);
#687=EDGE_CURVE('',#551,#552,#277,.T.);
#688=EDGE_CURVE('',#538,#552,#340,.T.);
#689=EDGE_CURVE('',#523,#551,#341,.T.);
#690=EDGE_CURVE('',#537,#553,#342,.T.);
#691=EDGE_CURVE('',#553,#518,#343,.T.);
#692=EDGE_CURVE('',#544,#554,#344,.T.);
#693=EDGE_CURVE('',#520,#554,#345,.T.);
#694=EDGE_CURVE('',#519,#555,#346,.T.);
#695=EDGE_CURVE('',#555,#536,#347,.T.);
#696=EDGE_CURVE('',#556,#530,#348,.T.);
#697=EDGE_CURVE('',#556,#543,#349,.T.);
#698=EDGE_CURVE('',#546,#531,#350,.T.);
#699=EDGE_CURVE('',#532,#545,#351,.T.);
#700=EDGE_CURVE('',#548,#528,#352,.T.);
#701=EDGE_CURVE('',#529,#547,#353,.T.);
#702=EDGE_CURVE('',#550,#525,#354,.T.);
#703=EDGE_CURVE('',#526,#549,#355,.T.);
#704=EDGE_CURVE('',#552,#522,#356,.T.);
#705=EDGE_CURVE('',#554,#556,#278,.T.);
#706=EDGE_CURVE('',#520,#530,#279,.T.);
#707=EDGE_CURVE('',#555,#553,#280,.T.);
#708=EDGE_CURVE('',#520,#557,#357,.T.);
#709=EDGE_CURVE('',#557,#557,#281,.T.);
#710=EDGE_CURVE('',#558,#559,#358,.T.);
#711=EDGE_CURVE('',#559,#560,#359,.T.);
#712=EDGE_CURVE('',#561,#560,#360,.T.);
#713=EDGE_CURVE('',#561,#558,#361,.T.);
#714=EDGE_CURVE('',#562,#563,#362,.T.);
#715=EDGE_CURVE('',#562,#564,#363,.T.);
#716=EDGE_CURVE('',#564,#565,#364,.T.);
#717=EDGE_CURVE('',#565,#563,#365,.T.);
#718=EDGE_CURVE('',#566,#475,#366,.T.);
#719=EDGE_CURVE('',#566,#567,#367,.T.);
#720=EDGE_CURVE('',#567,#568,#368,.T.);
#721=EDGE_CURVE('',#568,#507,#369,.T.);
#722=EDGE_CURVE('',#569,#570,#370,.T.);
#723=EDGE_CURVE('',#570,#509,#371,.T.);
#724=EDGE_CURVE('',#508,#569,#372,.T.);
#725=EDGE_CURVE('',#571,#572,#373,.T.);
#726=EDGE_CURVE('',#572,#511,#374,.T.);
#727=EDGE_CURVE('',#510,#571,#375,.T.);
#728=EDGE_CURVE('',#573,#574,#376,.T.);
#729=EDGE_CURVE('',#574,#575,#377,.T.);
#730=EDGE_CURVE('',#480,#575,#378,.T.);
#731=EDGE_CURVE('',#512,#573,#379,.T.);
#732=EDGE_CURVE('',#473,#506,#282,.T.);
#733=EDGE_CURVE('',#575,#561,#283,.T.);
#734=EDGE_CURVE('',#560,#562,#284,.T.);
#735=EDGE_CURVE('',#563,#566,#285,.T.);
#736=EDGE_CURVE('',#564,#559,#286,.T.);
#737=EDGE_CURVE('',#558,#574,#287,.T.);
#738=EDGE_CURVE('',#573,#572,#288,.T.);
#739=EDGE_CURVE('',#571,#570,#289,.T.);
#740=EDGE_CURVE('',#569,#568,#290,.T.);
#741=EDGE_CURVE('',#567,#565,#291,.T.);
#742=EDGE_CURVE('',#576,#576,#292,.T.);
#743=EDGE_CURVE('',#576,#542,#380,.T.);
#744=EDGE_CURVE('',#503,#513,#18,.T.);
#745=EDGE_CURVE('',#577,#506,#381,.T.);
#746=EDGE_CURVE('',#505,#577,#382,.T.);
#747=EDGE_CURVE('',#514,#577,#225,.T.);
#748=ORIENTED_EDGE('',*,*,#578,.F.);
#749=ORIENTED_EDGE('',*,*,#579,.F.);
#750=ORIENTED_EDGE('',*,*,#580,.F.);
#751=ORIENTED_EDGE('',*,*,#581,.T.);
#752=ORIENTED_EDGE('',*,*,#582,.F.);
#753=ORIENTED_EDGE('',*,*,#583,.F.);
#754=ORIENTED_EDGE('',*,*,#584,.F.);
#755=ORIENTED_EDGE('',*,*,#585,.F.);
#756=ORIENTED_EDGE('',*,*,#586,.F.);
#757=ORIENTED_EDGE('',*,*,#587,.F.);
#758=ORIENTED_EDGE('',*,*,#588,.F.);
#759=ORIENTED_EDGE('',*,*,#589,.F.);
#760=ORIENTED_EDGE('',*,*,#590,.F.);
#761=ORIENTED_EDGE('',*,*,#591,.F.);
#762=ORIENTED_EDGE('',*,*,#592,.T.);
#763=ORIENTED_EDGE('',*,*,#593,.F.);
#764=ORIENTED_EDGE('',*,*,#592,.F.);
#765=ORIENTED_EDGE('',*,*,#594,.F.);
#766=ORIENTED_EDGE('',*,*,#595,.T.);
#767=ORIENTED_EDGE('',*,*,#596,.F.);
#768=ORIENTED_EDGE('',*,*,#597,.F.);
#769=ORIENTED_EDGE('',*,*,#598,.F.);
#770=ORIENTED_EDGE('',*,*,#590,.T.);
#771=ORIENTED_EDGE('',*,*,#599,.F.);
#772=ORIENTED_EDGE('',*,*,#595,.F.);
#773=ORIENTED_EDGE('',*,*,#600,.F.);
#774=ORIENTED_EDGE('',*,*,#597,.T.);
#775=ORIENTED_EDGE('',*,*,#601,.F.);
#776=ORIENTED_EDGE('',*,*,#602,.T.);
#777=ORIENTED_EDGE('',*,*,#603,.F.);
#778=ORIENTED_EDGE('',*,*,#602,.F.);
#779=ORIENTED_EDGE('',*,*,#603,.T.);
#780=ORIENTED_EDGE('',*,*,#596,.T.);
#781=ORIENTED_EDGE('',*,*,#589,.T.);
#782=ORIENTED_EDGE('',*,*,#593,.T.);
#783=ORIENTED_EDGE('',*,*,#599,.T.);
#784=ORIENTED_EDGE('',*,*,#604,.F.);
#785=ORIENTED_EDGE('',*,*,#605,.T.);
#786=ORIENTED_EDGE('',*,*,#606,.F.);
#787=ORIENTED_EDGE('',*,*,#605,.F.);
#788=ORIENTED_EDGE('',*,*,#606,.T.);
#789=ORIENTED_EDGE('',*,*,#607,.T.);
#790=ORIENTED_EDGE('',*,*,#608,.T.);
#791=ORIENTED_EDGE('',*,*,#609,.T.);
#792=ORIENTED_EDGE('',*,*,#610,.T.);
#793=ORIENTED_EDGE('',*,*,#608,.F.);
#794=ORIENTED_EDGE('',*,*,#610,.F.);
#795=ORIENTED_EDGE('',*,*,#611,.T.);
#796=ORIENTED_EDGE('',*,*,#612,.T.);
#797=ORIENTED_EDGE('',*,*,#611,.F.);
#798=ORIENTED_EDGE('',*,*,#609,.F.);
#799=ORIENTED_EDGE('',*,*,#607,.F.);
#800=ORIENTED_EDGE('',*,*,#612,.F.);
#801=ORIENTED_EDGE('',*,*,#613,.T.);
#802=ORIENTED_EDGE('',*,*,#613,.F.);
#803=ORIENTED_EDGE('',*,*,#614,.T.);
#804=ORIENTED_EDGE('',*,*,#615,.F.);
#805=ORIENTED_EDGE('',*,*,#614,.F.);
#806=ORIENTED_EDGE('',*,*,#578,.T.);
#807=ORIENTED_EDGE('',*,*,#616,.F.);
#808=ORIENTED_EDGE('',*,*,#617,.F.);
#809=ORIENTED_EDGE('',*,*,#618,.F.);
#810=ORIENTED_EDGE('',*,*,#585,.T.);
#811=ORIENTED_EDGE('',*,*,#584,.T.);
#812=ORIENTED_EDGE('',*,*,#619,.F.);
#813=ORIENTED_EDGE('',*,*,#582,.T.);
#814=ORIENTED_EDGE('',*,*,#620,.T.);
#815=ORIENTED_EDGE('',*,*,#580,.T.);
#816=ORIENTED_EDGE('',*,*,#579,.T.);
#817=ORIENTED_EDGE('',*,*,#619,.T.);
#818=ORIENTED_EDGE('',*,*,#583,.T.);
#819=ORIENTED_EDGE('',*,*,#615,.T.);
#820=ORIENTED_EDGE('',*,*,#620,.F.);
#821=ORIENTED_EDGE('',*,*,#581,.F.);
#822=ORIENTED_EDGE('',*,*,#594,.T.);
#823=ORIENTED_EDGE('',*,*,#591,.T.);
#824=ORIENTED_EDGE('',*,*,#598,.T.);
#825=ORIENTED_EDGE('',*,*,#600,.T.);
#826=ORIENTED_EDGE('',*,*,#601,.T.);
#827=ORIENTED_EDGE('',*,*,#604,.T.);
#828=ORIENTED_EDGE('',*,*,#616,.T.);
#829=ORIENTED_EDGE('',*,*,#588,.T.);
#830=ORIENTED_EDGE('',*,*,#621,.T.);
#831=ORIENTED_EDGE('',*,*,#622,.T.);
#832=ORIENTED_EDGE('',*,*,#623,.F.);
#833=ORIENTED_EDGE('',*,*,#587,.T.);
#834=ORIENTED_EDGE('',*,*,#624,.T.);
#835=ORIENTED_EDGE('',*,*,#625,.T.);
#836=ORIENTED_EDGE('',*,*,#621,.F.);
#837=ORIENTED_EDGE('',*,*,#586,.T.);
#838=ORIENTED_EDGE('',*,*,#626,.F.);
#839=ORIENTED_EDGE('',*,*,#624,.F.);
#840=ORIENTED_EDGE('',*,*,#627,.F.);
#841=ORIENTED_EDGE('',*,*,#628,.T.);
#842=ORIENTED_EDGE('',*,*,#629,.T.);
#843=ORIENTED_EDGE('',*,*,#630,.T.);
#844=ORIENTED_EDGE('',*,*,#631,.T.);
#845=ORIENTED_EDGE('',*,*,#632,.T.);
#846=ORIENTED_EDGE('',*,*,#633,.T.);
#847=ORIENTED_EDGE('',*,*,#634,.T.);
#848=ORIENTED_EDGE('',*,*,#635,.F.);
#849=ORIENTED_EDGE('',*,*,#636,.T.);
#850=ORIENTED_EDGE('',*,*,#637,.T.);
#851=ORIENTED_EDGE('',*,*,#638,.T.);
#852=ORIENTED_EDGE('',*,*,#639,.F.);
#853=ORIENTED_EDGE('',*,*,#640,.T.);
#854=ORIENTED_EDGE('',*,*,#641,.T.);
#855=ORIENTED_EDGE('',*,*,#640,.F.);
#856=ORIENTED_EDGE('',*,*,#642,.T.);
#857=ORIENTED_EDGE('',*,*,#643,.T.);
#858=ORIENTED_EDGE('',*,*,#644,.T.);
#859=ORIENTED_EDGE('',*,*,#645,.F.);
#860=ORIENTED_EDGE('',*,*,#646,.T.);
#861=ORIENTED_EDGE('',*,*,#647,.T.);
#862=ORIENTED_EDGE('',*,*,#648,.T.);
#863=ORIENTED_EDGE('',*,*,#649,.F.);
#864=ORIENTED_EDGE('',*,*,#650,.T.);
#865=ORIENTED_EDGE('',*,*,#651,.T.);
#866=ORIENTED_EDGE('',*,*,#652,.T.);
#867=ORIENTED_EDGE('',*,*,#653,.F.);
#868=ORIENTED_EDGE('',*,*,#654,.T.);
#869=ORIENTED_EDGE('',*,*,#655,.T.);
#870=ORIENTED_EDGE('',*,*,#656,.T.);
#871=ORIENTED_EDGE('',*,*,#657,.F.);
#872=ORIENTED_EDGE('',*,*,#658,.T.);
#873=ORIENTED_EDGE('',*,*,#659,.T.);
#874=ORIENTED_EDGE('',*,*,#660,.T.);
#875=ORIENTED_EDGE('',*,*,#661,.F.);
#876=ORIENTED_EDGE('',*,*,#662,.T.);
#877=ORIENTED_EDGE('',*,*,#663,.T.);
#878=ORIENTED_EDGE('',*,*,#664,.T.);
#879=ORIENTED_EDGE('',*,*,#665,.T.);
#880=ORIENTED_EDGE('',*,*,#666,.T.);
#881=ORIENTED_EDGE('',*,*,#667,.T.);
#882=ORIENTED_EDGE('',*,*,#668,.T.);
#883=ORIENTED_EDGE('',*,*,#669,.F.);
#884=ORIENTED_EDGE('',*,*,#670,.F.);
#885=ORIENTED_EDGE('',*,*,#668,.F.);
#886=ORIENTED_EDGE('',*,*,#670,.T.);
#887=ORIENTED_EDGE('',*,*,#671,.T.);
#888=ORIENTED_EDGE('',*,*,#672,.F.);
#889=ORIENTED_EDGE('',*,*,#673,.F.);
#890=ORIENTED_EDGE('',*,*,#671,.F.);
#891=ORIENTED_EDGE('',*,*,#669,.T.);
#892=ORIENTED_EDGE('',*,*,#674,.F.);
#893=ORIENTED_EDGE('',*,*,#675,.T.);
#894=ORIENTED_EDGE('',*,*,#676,.F.);
#895=ORIENTED_EDGE('',*,*,#664,.F.);
#896=ORIENTED_EDGE('',*,*,#677,.F.);
#897=ORIENTED_EDGE('',*,*,#678,.T.);
#898=ORIENTED_EDGE('',*,*,#679,.F.);
#899=ORIENTED_EDGE('',*,*,#663,.F.);
#900=ORIENTED_EDGE('',*,*,#680,.F.);
#901=ORIENTED_EDGE('',*,*,#681,.T.);
#902=ORIENTED_EDGE('',*,*,#682,.F.);
#903=ORIENTED_EDGE('',*,*,#662,.F.);
#904=ORIENTED_EDGE('',*,*,#683,.F.);
#905=ORIENTED_EDGE('',*,*,#684,.T.);
#906=ORIENTED_EDGE('',*,*,#685,.F.);
#907=ORIENTED_EDGE('',*,*,#667,.F.);
#908=ORIENTED_EDGE('',*,*,#686,.F.);
#909=ORIENTED_EDGE('',*,*,#687,.T.);
#910=ORIENTED_EDGE('',*,*,#688,.F.);
#911=ORIENTED_EDGE('',*,*,#666,.F.);
#912=ORIENTED_EDGE('',*,*,#648,.F.);
#913=ORIENTED_EDGE('',*,*,#689,.T.);
#914=ORIENTED_EDGE('',*,*,#686,.T.);
#915=ORIENTED_EDGE('',*,*,#690,.T.);
#916=ORIENTED_EDGE('',*,*,#691,.T.);
#917=ORIENTED_EDGE('',*,*,#642,.F.);
#918=ORIENTED_EDGE('',*,*,#676,.T.);
#919=ORIENTED_EDGE('',*,*,#692,.T.);
#920=ORIENTED_EDGE('',*,*,#693,.F.);
#921=ORIENTED_EDGE('',*,*,#644,.F.);
#922=ORIENTED_EDGE('',*,*,#694,.T.);
#923=ORIENTED_EDGE('',*,*,#695,.T.);
#924=ORIENTED_EDGE('',*,*,#696,.F.);
#925=ORIENTED_EDGE('',*,*,#697,.T.);
#926=ORIENTED_EDGE('',*,*,#674,.T.);
#927=ORIENTED_EDGE('',*,*,#679,.T.);
#928=ORIENTED_EDGE('',*,*,#698,.T.);
#929=ORIENTED_EDGE('',*,*,#658,.F.);
#930=ORIENTED_EDGE('',*,*,#660,.F.);
#931=ORIENTED_EDGE('',*,*,#699,.T.);
#932=ORIENTED_EDGE('',*,*,#677,.T.);
#933=ORIENTED_EDGE('',*,*,#682,.T.);
#934=ORIENTED_EDGE('',*,*,#700,.T.);
#935=ORIENTED_EDGE('',*,*,#654,.F.);
#936=ORIENTED_EDGE('',*,*,#656,.F.);
#937=ORIENTED_EDGE('',*,*,#701,.T.);
#938=ORIENTED_EDGE('',*,*,#680,.T.);
#939=ORIENTED_EDGE('',*,*,#685,.T.);
#940=ORIENTED_EDGE('',*,*,#702,.T.);
#941=ORIENTED_EDGE('',*,*,#650,.F.);
#942=ORIENTED_EDGE('',*,*,#652,.F.);
#943=ORIENTED_EDGE('',*,*,#703,.T.);
#944=ORIENTED_EDGE('',*,*,#683,.T.);
#945=ORIENTED_EDGE('',*,*,#688,.T.);
#946=ORIENTED_EDGE('',*,*,#704,.T.);
#947=ORIENTED_EDGE('',*,*,#646,.F.);
#948=ORIENTED_EDGE('',*,*,#693,.T.);
#949=ORIENTED_EDGE('',*,*,#705,.T.);
#950=ORIENTED_EDGE('',*,*,#696,.T.);
#951=ORIENTED_EDGE('',*,*,#706,.F.);
#952=ORIENTED_EDGE('',*,*,#695,.F.);
#953=ORIENTED_EDGE('',*,*,#707,.T.);
#954=ORIENTED_EDGE('',*,*,#690,.F.);
#955=ORIENTED_EDGE('',*,*,#665,.F.);
#956=ORIENTED_EDGE('',*,*,#706,.T.);
#957=ORIENTED_EDGE('',*,*,#661,.T.);
#958=ORIENTED_EDGE('',*,*,#657,.T.);
#959=ORIENTED_EDGE('',*,*,#653,.T.);
#960=ORIENTED_EDGE('',*,*,#649,.T.);
#961=ORIENTED_EDGE('',*,*,#645,.T.);
#962=ORIENTED_EDGE('',*,*,#708,.T.);
#963=ORIENTED_EDGE('',*,*,#709,.F.);
#964=ORIENTED_EDGE('',*,*,#708,.F.);
#965=ORIENTED_EDGE('',*,*,#709,.T.);
#966=ORIENTED_EDGE('',*,*,#639,.T.);
#967=ORIENTED_EDGE('',*,*,#710,.T.);
#968=ORIENTED_EDGE('',*,*,#711,.T.);
#969=ORIENTED_EDGE('',*,*,#712,.F.);
#970=ORIENTED_EDGE('',*,*,#713,.T.);
#971=ORIENTED_EDGE('',*,*,#714,.F.);
#972=ORIENTED_EDGE('',*,*,#715,.T.);
#973=ORIENTED_EDGE('',*,*,#716,.T.);
#974=ORIENTED_EDGE('',*,*,#717,.T.);
#975=ORIENTED_EDGE('',*,*,#718,.F.);
#976=ORIENTED_EDGE('',*,*,#719,.T.);
#977=ORIENTED_EDGE('',*,*,#720,.T.);
#978=ORIENTED_EDGE('',*,*,#721,.T.);
#979=ORIENTED_EDGE('',*,*,#628,.F.);
#980=ORIENTED_EDGE('',*,*,#722,.T.);
#981=ORIENTED_EDGE('',*,*,#723,.T.);
#982=ORIENTED_EDGE('',*,*,#630,.F.);
#983=ORIENTED_EDGE('',*,*,#724,.T.);
#984=ORIENTED_EDGE('',*,*,#725,.T.);
#985=ORIENTED_EDGE('',*,*,#726,.T.);
#986=ORIENTED_EDGE('',*,*,#632,.F.);
#987=ORIENTED_EDGE('',*,*,#727,.T.);
#988=ORIENTED_EDGE('',*,*,#728,.T.);
#989=ORIENTED_EDGE('',*,*,#729,.T.);
#990=ORIENTED_EDGE('',*,*,#730,.F.);
#991=ORIENTED_EDGE('',*,*,#634,.F.);
#992=ORIENTED_EDGE('',*,*,#731,.T.);
#993=ORIENTED_EDGE('',*,*,#627,.T.);
#994=ORIENTED_EDGE('',*,*,#732,.T.);
#995=ORIENTED_EDGE('',*,*,#626,.T.);
#996=ORIENTED_EDGE('',*,*,#635,.T.);
#997=ORIENTED_EDGE('',*,*,#730,.T.);
#998=ORIENTED_EDGE('',*,*,#733,.T.);
#999=ORIENTED_EDGE('',*,*,#712,.T.);
#1000=ORIENTED_EDGE('',*,*,#734,.T.);
#1001=ORIENTED_EDGE('',*,*,#714,.T.);
#1002=ORIENTED_EDGE('',*,*,#735,.T.);
#1003=ORIENTED_EDGE('',*,*,#718,.T.);
#1004=ORIENTED_EDGE('',*,*,#716,.F.);
#1005=ORIENTED_EDGE('',*,*,#736,.T.);
#1006=ORIENTED_EDGE('',*,*,#710,.F.);
#1007=ORIENTED_EDGE('',*,*,#737,.T.);
#1008=ORIENTED_EDGE('',*,*,#728,.F.);
#1009=ORIENTED_EDGE('',*,*,#738,.T.);
#1010=ORIENTED_EDGE('',*,*,#725,.F.);
#1011=ORIENTED_EDGE('',*,*,#739,.T.);
#1012=ORIENTED_EDGE('',*,*,#722,.F.);
#1013=ORIENTED_EDGE('',*,*,#740,.T.);
#1014=ORIENTED_EDGE('',*,*,#720,.F.);
#1015=ORIENTED_EDGE('',*,*,#741,.T.);
#1016=ORIENTED_EDGE('',*,*,#641,.F.);
#1017=ORIENTED_EDGE('',*,*,#742,.F.);
#1018=ORIENTED_EDGE('',*,*,#743,.T.);
#1019=ORIENTED_EDGE('',*,*,#672,.T.);
#1020=ORIENTED_EDGE('',*,*,#673,.T.);
#1021=ORIENTED_EDGE('',*,*,#743,.F.);
#1022=ORIENTED_EDGE('',*,*,#742,.T.);
#1023=ORIENTED_EDGE('',*,*,#734,.F.);
#1024=ORIENTED_EDGE('',*,*,#711,.F.);
#1025=ORIENTED_EDGE('',*,*,#736,.F.);
#1026=ORIENTED_EDGE('',*,*,#715,.F.);
#1027=ORIENTED_EDGE('',*,*,#733,.F.);
#1028=ORIENTED_EDGE('',*,*,#729,.F.);
#1029=ORIENTED_EDGE('',*,*,#737,.F.);
#1030=ORIENTED_EDGE('',*,*,#713,.F.);
#1031=ORIENTED_EDGE('',*,*,#633,.F.);
#1032=ORIENTED_EDGE('',*,*,#726,.F.);
#1033=ORIENTED_EDGE('',*,*,#738,.F.);
#1034=ORIENTED_EDGE('',*,*,#731,.F.);
#1035=ORIENTED_EDGE('',*,*,#631,.F.);
#1036=ORIENTED_EDGE('',*,*,#723,.F.);
#1037=ORIENTED_EDGE('',*,*,#739,.F.);
#1038=ORIENTED_EDGE('',*,*,#727,.F.);
#1039=ORIENTED_EDGE('',*,*,#735,.F.);
#1040=ORIENTED_EDGE('',*,*,#717,.F.);
#1041=ORIENTED_EDGE('',*,*,#741,.F.);
#1042=ORIENTED_EDGE('',*,*,#719,.F.);
#1043=ORIENTED_EDGE('',*,*,#629,.F.);
#1044=ORIENTED_EDGE('',*,*,#721,.F.);
#1045=ORIENTED_EDGE('',*,*,#740,.F.);
#1046=ORIENTED_EDGE('',*,*,#724,.F.);
#1047=ORIENTED_EDGE('',*,*,#705,.F.);
#1048=ORIENTED_EDGE('',*,*,#692,.F.);
#1049=ORIENTED_EDGE('',*,*,#675,.F.);
#1050=ORIENTED_EDGE('',*,*,#697,.F.);
#1051=ORIENTED_EDGE('',*,*,#659,.F.);
#1052=ORIENTED_EDGE('',*,*,#698,.F.);
#1053=ORIENTED_EDGE('',*,*,#678,.F.);
#1054=ORIENTED_EDGE('',*,*,#699,.F.);
#1055=ORIENTED_EDGE('',*,*,#655,.F.);
#1056=ORIENTED_EDGE('',*,*,#700,.F.);
#1057=ORIENTED_EDGE('',*,*,#681,.F.);
#1058=ORIENTED_EDGE('',*,*,#701,.F.);
#1059=ORIENTED_EDGE('',*,*,#651,.F.);
#1060=ORIENTED_EDGE('',*,*,#702,.F.);
#1061=ORIENTED_EDGE('',*,*,#684,.F.);
#1062=ORIENTED_EDGE('',*,*,#703,.F.);
#1063=ORIENTED_EDGE('',*,*,#647,.F.);
#1064=ORIENTED_EDGE('',*,*,#704,.F.);
#1065=ORIENTED_EDGE('',*,*,#687,.F.);
#1066=ORIENTED_EDGE('',*,*,#689,.F.);
#1067=ORIENTED_EDGE('',*,*,#643,.F.);
#1068=ORIENTED_EDGE('',*,*,#691,.F.);
#1069=ORIENTED_EDGE('',*,*,#707,.F.);
#1070=ORIENTED_EDGE('',*,*,#694,.F.);
#1071=ORIENTED_EDGE('',*,*,#618,.T.);
#1072=ORIENTED_EDGE('',*,*,#744,.T.);
#1073=ORIENTED_EDGE('',*,*,#636,.F.);
#1074=ORIENTED_EDGE('',*,*,#625,.F.);
#1075=ORIENTED_EDGE('',*,*,#745,.F.);
#1076=ORIENTED_EDGE('',*,*,#746,.F.);
#1077=ORIENTED_EDGE('',*,*,#622,.F.);
#1078=ORIENTED_EDGE('',*,*,#617,.T.);
#1079=ORIENTED_EDGE('',*,*,#623,.T.);
#1080=ORIENTED_EDGE('',*,*,#746,.T.);
#1081=ORIENTED_EDGE('',*,*,#747,.F.);
#1082=ORIENTED_EDGE('',*,*,#637,.F.);
#1083=ORIENTED_EDGE('',*,*,#744,.F.);
#1084=ORIENTED_EDGE('',*,*,#747,.T.);
#1085=ORIENTED_EDGE('',*,*,#745,.T.);
#1086=ORIENTED_EDGE('',*,*,#732,.F.);
#1087=ORIENTED_EDGE('',*,*,#638,.F.);
#1088=CYLINDRICAL_SURFACE('',#1282,51.5);
#1089=CYLINDRICAL_SURFACE('',#1285,2.032);
#1090=CYLINDRICAL_SURFACE('',#1290,2.032);
#1091=CYLINDRICAL_SURFACE('',#1293,2.032);
#1092=CYLINDRICAL_SURFACE('',#1298,2.4892);
#1093=CYLINDRICAL_SURFACE('',#1307,51.5);
#1094=CYLINDRICAL_SURFACE('',#1312,51.45);
#1095=CYLINDRICAL_SURFACE('',#1314,51.5);
#1096=CYLINDRICAL_SURFACE('',#1319,3.12849452767852);
#1097=CYLINDRICAL_SURFACE('',#1320,3.61949999999994);
#1098=CYLINDRICAL_SURFACE('',#1328,4.25450000000004);
#1099=CYLINDRICAL_SURFACE('',#1346,5.461);
#1100=CYLINDRICAL_SURFACE('',#1379,5.461);
#1101=CYLINDRICAL_SURFACE('',#1400,2.54);
#1102=CYLINDRICAL_SURFACE('',#1403,1.27);
#1103=CYLINDRICAL_SURFACE('',#1404,1.27);
#1104=CYLINDRICAL_SURFACE('',#1405,1.27);
#1105=CYLINDRICAL_SURFACE('',#1406,1.27);
#1106=CYLINDRICAL_SURFACE('',#1407,1.27);
#1107=CYLINDRICAL_SURFACE('',#1408,1.27);
#1108=CYLINDRICAL_SURFACE('',#1409,1.27);
#1109=CYLINDRICAL_SURFACE('',#1410,1.27);
#1110=CYLINDRICAL_SURFACE('',#1411,1.27);
#1111=CYLINDRICAL_SURFACE('',#1412,1.27);
#1112=CYLINDRICAL_SURFACE('',#1413,1.27);
#1113=CYLINDRICAL_SURFACE('',#1414,1.27);
#1114=CYLINDRICAL_SURFACE('',#1415,3.61949999999994);
#1115=CYLINDRICAL_SURFACE('',#1417,3.61949999999994);
#1116=STYLED_ITEM('',(#2876),#1188);
#1117=STYLED_ITEM('',(#2876),#1189);
#1118=STYLED_ITEM('',(#2876),#1190);
#1119=STYLED_ITEM('',(#2876),#1191);
#1120=STYLED_ITEM('',(#2876),#1192);
#1121=STYLED_ITEM('',(#2876),#1193);
#1122=STYLED_ITEM('',(#2876),#1194);
#1123=STYLED_ITEM('',(#2876),#1195);
#1124=STYLED_ITEM('',(#2876),#1196);
#1125=STYLED_ITEM('',(#2876),#1197);
#1126=STYLED_ITEM('',(#2876),#1198);
#1127=STYLED_ITEM('',(#2876),#1199);
#1128=STYLED_ITEM('',(#2876),#1200);
#1129=STYLED_ITEM('',(#2876),#1201);
#1130=STYLED_ITEM('',(#2877),#1202);
#1131=STYLED_ITEM('',(#2876),#1203);
#1132=STYLED_ITEM('',(#2876),#1204);
#1133=STYLED_ITEM('',(#2876),#1205);
#1134=STYLED_ITEM('',(#2878),#1206);
#1135=STYLED_ITEM('',(#2878),#1207);
#1136=STYLED_ITEM('',(#2878),#1208);
#1137=STYLED_ITEM('',(#2878),#1209);
#1138=STYLED_ITEM('',(#2878),#1210);
#1139=STYLED_ITEM('',(#2878),#1211);
#1140=STYLED_ITEM('',(#2878),#1212);
#1141=STYLED_ITEM('',(#2878),#1213);
#1142=STYLED_ITEM('',(#2878),#1214);
#1143=STYLED_ITEM('',(#2878),#1215);
#1144=STYLED_ITEM('',(#2878),#1216);
#1145=STYLED_ITEM('',(#2878),#1217);
#1146=STYLED_ITEM('',(#2878),#1218);
#1147=STYLED_ITEM('',(#2878),#1219);
#1148=STYLED_ITEM('',(#2878),#1220);
#1149=STYLED_ITEM('',(#2878),#1221);
#1150=STYLED_ITEM('',(#2878),#1222);
#1151=STYLED_ITEM('',(#2878),#1223);
#1152=STYLED_ITEM('',(#2878),#1224);
#1153=STYLED_ITEM('',(#2878),#1225);
#1154=STYLED_ITEM('',(#2878),#1226);
#1155=STYLED_ITEM('',(#2878),#1227);
#1156=STYLED_ITEM('',(#2878),#1228);
#1157=STYLED_ITEM('',(#2878),#1229);
#1158=STYLED_ITEM('',(#2878),#1230);
#1159=STYLED_ITEM('',(#2878),#1231);
#1160=STYLED_ITEM('',(#2878),#1232);
#1161=STYLED_ITEM('',(#2878),#1233);
#1162=STYLED_ITEM('',(#2878),#1234);
#1163=STYLED_ITEM('',(#2878),#1235);
#1164=STYLED_ITEM('',(#2878),#1236);
#1165=STYLED_ITEM('',(#2878),#1237);
#1166=STYLED_ITEM('',(#2878),#1238);
#1167=STYLED_ITEM('',(#2878),#1239);
#1168=STYLED_ITEM('',(#2878),#1240);
#1169=STYLED_ITEM('',(#2879),#1241);
#1170=STYLED_ITEM('',(#2878),#1242);
#1171=STYLED_ITEM('',(#2878),#1243);
#1172=STYLED_ITEM('',(#2878),#1244);
#1173=STYLED_ITEM('',(#2878),#1245);
#1174=STYLED_ITEM('',(#2878),#1246);
#1175=STYLED_ITEM('',(#2878),#1247);
#1176=STYLED_ITEM('',(#2878),#1248);
#1177=STYLED_ITEM('',(#2878),#1249);
#1178=STYLED_ITEM('',(#2878),#1250);
#1179=STYLED_ITEM('',(#2878),#1251);
#1180=STYLED_ITEM('',(#2878),#1252);
#1181=STYLED_ITEM('',(#2878),#1253);
#1182=STYLED_ITEM('',(#2878),#1254);
#1183=STYLED_ITEM('',(#2878),#1255);
#1184=STYLED_ITEM('',(#2878),#1256);
#1185=STYLED_ITEM('',(#2878),#1257);
#1186=STYLED_ITEM('',(#2878),#1258);
#1187=STYLED_ITEM('',(#2875),#13);
#1188=ADVANCED_FACE('',(#66),#1088,.T.);
#1189=ADVANCED_FACE('',(#67),#1089,.F.);
#1190=ADVANCED_FACE('',(#68),#27,.F.);
#1191=ADVANCED_FACE('',(#69),#28,.F.);
#1192=ADVANCED_FACE('',(#70),#1090,.F.);
#1193=ADVANCED_FACE('',(#71),#1091,.F.);
#1194=ADVANCED_FACE('',(#72),#29,.T.);
#1195=ADVANCED_FACE('',(#73),#30,.T.);
#1196=ADVANCED_FACE('',(#74),#1092,.F.);
#1197=ADVANCED_FACE('',(#75),#31,.T.);
#1198=ADVANCED_FACE('',(#76),#26,.T.);
#1199=ADVANCED_FACE('',(#77),#1093,.T.);
#1200=ADVANCED_FACE('',(#78),#32,.T.);
#1201=ADVANCED_FACE('',(#79,#19),#33,.F.);
#1202=ADVANCED_FACE('',(#80),#1094,.T.);
#1203=ADVANCED_FACE('',(#81),#1095,.T.);
#1204=ADVANCED_FACE('',(#82,#20),#34,.T.);
#1205=ADVANCED_FACE('',(#83,#21,#22,#23),#35,.F.);
#1206=ADVANCED_FACE('',(#84),#1096,.T.);
#1207=ADVANCED_FACE('',(#85),#15,.T.);
#1208=ADVANCED_FACE('',(#86),#1097,.T.);
#1209=ADVANCED_FACE('',(#87),#36,.T.);
#1210=ADVANCED_FACE('',(#88),#1098,.T.);
#1211=ADVANCED_FACE('',(#89),#37,.T.);
#1212=ADVANCED_FACE('',(#90),#38,.T.);
#1213=ADVANCED_FACE('',(#91),#39,.T.);
#1214=ADVANCED_FACE('',(#92),#40,.T.);
#1215=ADVANCED_FACE('',(#93),#41,.T.);
#1216=ADVANCED_FACE('',(#94),#1099,.T.);
#1217=ADVANCED_FACE('',(#95),#14,.T.);
#1218=ADVANCED_FACE('',(#96),#42,.F.);
#1219=ADVANCED_FACE('',(#97),#43,.F.);
#1220=ADVANCED_FACE('',(#98),#44,.F.);
#1221=ADVANCED_FACE('',(#99),#45,.F.);
#1222=ADVANCED_FACE('',(#100),#46,.F.);
#1223=ADVANCED_FACE('',(#101),#47,.F.);
#1224=ADVANCED_FACE('',(#102),#48,.F.);
#1225=ADVANCED_FACE('',(#103),#49,.F.);
#1226=ADVANCED_FACE('',(#104),#50,.F.);
#1227=ADVANCED_FACE('',(#105),#51,.F.);
#1228=ADVANCED_FACE('',(#106),#52,.F.);
#1229=ADVANCED_FACE('',(#107),#53,.T.);
#1230=ADVANCED_FACE('',(#108),#54,.F.);
#1231=ADVANCED_FACE('',(#109),#1100,.T.);
#1232=ADVANCED_FACE('',(#110,#24),#55,.T.);
#1233=ADVANCED_FACE('',(#111),#56,.F.);
#1234=ADVANCED_FACE('',(#112),#57,.F.);
#1235=ADVANCED_FACE('',(#113),#58,.F.);
#1236=ADVANCED_FACE('',(#114),#59,.F.);
#1237=ADVANCED_FACE('',(#115),#60,.F.);
#1238=ADVANCED_FACE('',(#116),#61,.F.);
#1239=ADVANCED_FACE('',(#117),#62,.T.);
#1240=ADVANCED_FACE('',(#118,#25),#63,.F.);
#1241=ADVANCED_FACE('',(#119),#1101,.F.);
#1242=ADVANCED_FACE('',(#120),#64,.T.);
#1243=ADVANCED_FACE('',(#121),#1102,.T.);
#1244=ADVANCED_FACE('',(#122),#1103,.T.);
#1245=ADVANCED_FACE('',(#123),#1104,.T.);
#1246=ADVANCED_FACE('',(#124),#1105,.T.);
#1247=ADVANCED_FACE('',(#125),#1106,.T.);
#1248=ADVANCED_FACE('',(#126),#1107,.T.);
#1249=ADVANCED_FACE('',(#127),#1108,.T.);
#1250=ADVANCED_FACE('',(#128),#1109,.T.);
#1251=ADVANCED_FACE('',(#129),#1110,.T.);
#1252=ADVANCED_FACE('',(#130),#1111,.T.);
#1253=ADVANCED_FACE('',(#131),#1112,.T.);
#1254=ADVANCED_FACE('',(#132),#1113,.T.);
#1255=ADVANCED_FACE('',(#133),#1114,.T.);
#1256=ADVANCED_FACE('',(#134),#65,.T.);
#1257=ADVANCED_FACE('',(#135),#16,.T.);
#1258=ADVANCED_FACE('',(#136),#1115,.F.);
#1259=CLOSED_SHELL('',(#1188,#1189,#1190,#1191,#1192,#1193,#1194,#1195,
#1196,#1197,#1198,#1199,#1200,#1201,#1202,#1203,#1204,#1205,#1206,#1207,
#1208,#1209,#1210,#1211,#1212,#1213,#1214,#1215,#1216,#1217,#1218,#1219,
#1220,#1221,#1222,#1223,#1224,#1225,#1226,#1227,#1228,#1229,#1230,#1231,
#1232,#1233,#1234,#1235,#1236,#1237,#1238,#1239,#1240,#1241,#1242,#1243,
#1244,#1245,#1246,#1247,#1248,#1249,#1250,#1251,#1252,#1253,#1254,#1255,
#1256,#1257,#1258));
#1260=DERIVED_UNIT_ELEMENT(#1263,1.);
#1261=DERIVED_UNIT_ELEMENT(#2861,-3.);
#1262=DIMENSIONAL_EXPONENTS(1.,0.,0.,0.,0.,0.,0.);
#1263=(
CONVERSION_BASED_UNIT('gram',#1265)
MASS_UNIT()
NAMED_UNIT(#1262)
);
#1264=(
MASS_UNIT()
NAMED_UNIT(*)
SI_UNIT(.KILO.,.GRAM.)
);
#1265=MASS_MEASURE_WITH_UNIT(MASS_MEASURE(0.001),#1264);
#1266=DERIVED_UNIT((#1260,#1261));
#1267=MEASURE_REPRESENTATION_ITEM('density measure',
POSITIVE_RATIO_MEASURE(1.),#1266);
#1268=PROPERTY_DEFINITION_REPRESENTATION(#1273,#1270);
#1269=PROPERTY_DEFINITION_REPRESENTATION(#1274,#1271);
#1270=REPRESENTATION('material name',(#1272),#2858);
#1271=REPRESENTATION('density',(#1267),#2858);
#1272=DESCRIPTIVE_REPRESENTATION_ITEM('\X2\4E00822C\X0\','\X2\4E00822C\X0\');
#1273=PROPERTY_DEFINITION('material property','material name',#2868);
#1274=PROPERTY_DEFINITION('material property','density of part',#2868);
#1275=DATE_TIME_ROLE('creation_date');
#1276=APPLIED_DATE_AND_TIME_ASSIGNMENT(#1277,#1275,(#2868));
#1277=DATE_AND_TIME(#1278,#1279);
#1278=CALENDAR_DATE(2021,27,9);
#1279=LOCAL_TIME(0,0,0.,#1280);
#1280=COORDINATED_UNIVERSAL_TIME_OFFSET(0,0,.BEHIND.);
#1281=AXIS2_PLACEMENT_3D('placement',#1782,#1418,#1419);
#1282=AXIS2_PLACEMENT_3D('',#1783,#1420,#1421);
#1283=AXIS2_PLACEMENT_3D('',#1792,#1425,#1426);
#1284=AXIS2_PLACEMENT_3D('',#1796,#1428,#1429);
#1285=AXIS2_PLACEMENT_3D('',#1831,#1432,#1433);
#1286=AXIS2_PLACEMENT_3D('',#1834,#1434,#1435);
#1287=AXIS2_PLACEMENT_3D('',#1838,#1437,#1438);
#1288=AXIS2_PLACEMENT_3D('',#1840,#1440,#1441);
#1289=AXIS2_PLACEMENT_3D('',#1846,#1445,#1446);
#1290=AXIS2_PLACEMENT_3D('',#1852,#1450,#1451);
#1291=AXIS2_PLACEMENT_3D('',#1853,#1452,#1453);
#1292=AXIS2_PLACEMENT_3D('',#1854,#1454,#1455);
#1293=AXIS2_PLACEMENT_3D('',#1855,#1456,#1457);
#1294=AXIS2_PLACEMENT_3D('',#1857,#1458,#1459);
#1295=AXIS2_PLACEMENT_3D('',#1860,#1461,#1462);
#1296=AXIS2_PLACEMENT_3D('',#1861,#1463,#1464);
#1297=AXIS2_PLACEMENT_3D('',#1862,#1465,#1466);
#1298=AXIS2_PLACEMENT_3D('',#1863,#1467,#1468);
#1299=AXIS2_PLACEMENT_3D('',#1865,#1469,#1470);
#1300=AXIS2_PLACEMENT_3D('',#1868,#1472,#1473);
#1301=AXIS2_PLACEMENT_3D('',#1869,#1474,#1475);
#1302=AXIS2_PLACEMENT_3D('',#1870,#1476,#1477);
#1303=AXIS2_PLACEMENT_3D('',#1872,#1478,#1479);
#1304=AXIS2_PLACEMENT_3D('',#1874,#1480,#1481);
#1305=AXIS2_PLACEMENT_3D('',#1876,#1482,#1483);
#1306=AXIS2_PLACEMENT_3D('',#1877,#1484,#1485);
#1307=AXIS2_PLACEMENT_3D('',#1878,#1486,#1487);
#1308=AXIS2_PLACEMENT_3D('',#1881,#1489,#1490);
#1309=AXIS2_PLACEMENT_3D('',#1882,#1491,#1492);
#1310=AXIS2_PLACEMENT_3D('',#1883,#1493,#1494);
#1311=AXIS2_PLACEMENT_3D('',#1885,#1495,#1496);
#1312=AXIS2_PLACEMENT_3D('',#1886,#1497,#1498);
#1313=AXIS2_PLACEMENT_3D('',#1889,#1500,#1501);
#1314=AXIS2_PLACEMENT_3D('',#1890,#1502,#1503);
#1315=AXIS2_PLACEMENT_3D('',#1921,#1504,#1505);
#1316=AXIS2_PLACEMENT_3D('',#1922,#1506,#1507);
#1317=AXIS2_PLACEMENT_3D('',#1923,#1508,#1509);
#1318=AXIS2_PLACEMENT_3D('',#1924,#1510,#1511);
#1319=AXIS2_PLACEMENT_3D('',#1925,#1512,#1513);
#1320=AXIS2_PLACEMENT_3D('',#2306,#1515,#1516);
#1321=AXIS2_PLACEMENT_3D('',#2307,#1517,#1518);
#1322=AXIS2_PLACEMENT_3D('',#2308,#1519,#1520);
#1323=AXIS2_PLACEMENT_3D('',#2313,#1523,#1524);
#1324=AXIS2_PLACEMENT_3D('',#2317,#1526,#1527);
#1325=AXIS2_PLACEMENT_3D('',#2321,#1529,#1530);
#1326=AXIS2_PLACEMENT_3D('',#2325,#1533,#1534);
#1327=AXIS2_PLACEMENT_3D('',#2333,#1535,#1536);
#1328=AXIS2_PLACEMENT_3D('',#2334,#1537,#1538);
#1329=AXIS2_PLACEMENT_3D('',#2336,#1539,#1540);
#1330=AXIS2_PLACEMENT_3D('',#2339,#1542,#1543);
#1331=AXIS2_PLACEMENT_3D('',#2340,#1544,#1545);
#1332=AXIS2_PLACEMENT_3D('',#2345,#1547,#1548);
#1333=AXIS2_PLACEMENT_3D('',#2348,#1550,#1551);
#1334=AXIS2_PLACEMENT_3D('',#2349,#1552,#1553);
#1335=AXIS2_PLACEMENT_3D('',#2354,#1555,#1556);
#1336=AXIS2_PLACEMENT_3D('',#2356,#1558,#1559);
#1337=AXIS2_PLACEMENT_3D('',#2357,#1560,#1561);
#1338=AXIS2_PLACEMENT_3D('',#2362,#1563,#1564);
#1339=AXIS2_PLACEMENT_3D('',#2364,#1566,#1567);
#1340=AXIS2_PLACEMENT_3D('',#2365,#1568,#1569);
#1341=AXIS2_PLACEMENT_3D('',#2370,#1571,#1572);
#1342=AXIS2_PLACEMENT_3D('',#2372,#1574,#1575);
#1343=AXIS2_PLACEMENT_3D('',#2373,#1576,#1577);
#1344=AXIS2_PLACEMENT_3D('',#2378,#1579,#1580);
#1345=AXIS2_PLACEMENT_3D('',#2380,#1582,#1583);
#1346=AXIS2_PLACEMENT_3D('',#2381,#1584,#1585);
#1347=AXIS2_PLACEMENT_3D('',#2384,#1586,#1587);
#1348=AXIS2_PLACEMENT_3D('',#2386,#1588,#1589);
#1349=AXIS2_PLACEMENT_3D('',#2388,#1590,#1591);
#1350=AXIS2_PLACEMENT_3D('',#2390,#1592,#1593);
#1351=AXIS2_PLACEMENT_3D('',#2392,#1594,#1595);
#1352=AXIS2_PLACEMENT_3D('',#2393,#1596,#1597);
#1353=AXIS2_PLACEMENT_3D('',#2397,#1599,#1600);
#1354=AXIS2_PLACEMENT_3D('',#2398,#1601,#1602);
#1355=AXIS2_PLACEMENT_3D('',#2399,#1603,#1604);
#1356=AXIS2_PLACEMENT_3D('',#2403,#1606,#1607);
#1357=AXIS2_PLACEMENT_3D('',#2404,#1608,#1609);
#1358=AXIS2_PLACEMENT_3D('',#2405,#1610,#1611);
#1359=AXIS2_PLACEMENT_3D('',#2409,#1613,#1614);
#1360=AXIS2_PLACEMENT_3D('',#2411,#1616,#1617);
#1361=AXIS2_PLACEMENT_3D('',#2415,#1619,#1620);
#1362=AXIS2_PLACEMENT_3D('',#2417,#1622,#1623);
#1363=AXIS2_PLACEMENT_3D('',#2421,#1625,#1626);
#1364=AXIS2_PLACEMENT_3D('',#2423,#1628,#1629);
#1365=AXIS2_PLACEMENT_3D('',#2427,#1631,#1632);
#1366=AXIS2_PLACEMENT_3D('',#2429,#1634,#1635);
#1367=AXIS2_PLACEMENT_3D('',#2433,#1637,#1638);
#1368=AXIS2_PLACEMENT_3D('',#2435,#1640,#1641);
#1369=AXIS2_PLACEMENT_3D('',#2440,#1645,#1646);
#1370=AXIS2_PLACEMENT_3D('',#2447,#1651,#1652);
#1371=AXIS2_PLACEMENT_3D('',#2452,#1656,#1657);
#1372=AXIS2_PLACEMENT_3D('',#2455,#1660,#1661);
#1373=AXIS2_PLACEMENT_3D('',#2458,#1664,#1665);
#1374=AXIS2_PLACEMENT_3D('',#2461,#1668,#1669);
#1375=AXIS2_PLACEMENT_3D('',#2462,#1670,#1671);
#1376=AXIS2_PLACEMENT_3D('',#2463,#1672,#1673);
#1377=AXIS2_PLACEMENT_3D('',#2464,#1674,#1675);
#1378=AXIS2_PLACEMENT_3D('',#2465,#1676,#1677);
#1379=AXIS2_PLACEMENT_3D('',#2466,#1678,#1679);
#1380=AXIS2_PLACEMENT_3D('',#2469,#1681,#1682);
#1381=AXIS2_PLACEMENT_3D('',#2470,#1683,#1684);
#1382=AXIS2_PLACEMENT_3D('',#2471,#1685,#1686);
#1383=AXIS2_PLACEMENT_3D('',#2480,#1691,#1692);
#1384=AXIS2_PLACEMENT_3D('',#2489,#1697,#1698);
#1385=AXIS2_PLACEMENT_3D('',#2497,#1703,#1704);
#1386=AXIS2_PLACEMENT_3D('',#2503,#1708,#1709);
#1387=AXIS2_PLACEMENT_3D('',#2509,#1713,#1714);
#1388=AXIS2_PLACEMENT_3D('',#2517,#1719,#1720);
#1389=AXIS2_PLACEMENT_3D('',#2518,#1721,#1722);
#1390=AXIS2_PLACEMENT_3D('',#2519,#1723,#1724);
#1391=AXIS2_PLACEMENT_3D('',#2520,#1725,#1726);
#1392=AXIS2_PLACEMENT_3D('',#2521,#1727,#1728);
#1393=AXIS2_PLACEMENT_3D('',#2522,#1729,#1730);
#1394=AXIS2_PLACEMENT_3D('',#2523,#1731,#1732);
#1395=AXIS2_PLACEMENT_3D('',#2524,#1733,#1734);
#1396=AXIS2_PLACEMENT_3D('',#2525,#1735,#1736);
#1397=AXIS2_PLACEMENT_3D('',#2526,#1737,#1738);
#1398=AXIS2_PLACEMENT_3D('',#2527,#1739,#1740);
#1399=AXIS2_PLACEMENT_3D('',#2528,#1741,#1742);
#1400=AXIS2_PLACEMENT_3D('',#2529,#1743,#1744);
#1401=AXIS2_PLACEMENT_3D('',#2531,#1745,#1746);
#1402=AXIS2_PLACEMENT_3D('',#2533,#1748,#1749);
#1403=AXIS2_PLACEMENT_3D('',#2534,#1750,#1751);
#1404=AXIS2_PLACEMENT_3D('',#2535,#1752,#1753);
#1405=AXIS2_PLACEMENT_3D('',#2536,#1754,#1755);
#1406=AXIS2_PLACEMENT_3D('',#2537,#1756,#1757);
#1407=AXIS2_PLACEMENT_3D('',#2538,#1758,#1759);
#1408=AXIS2_PLACEMENT_3D('',#2539,#1760,#1761);
#1409=AXIS2_PLACEMENT_3D('',#2540,#1762,#1763);
#1410=AXIS2_PLACEMENT_3D('',#2541,#1764,#1765);
#1411=AXIS2_PLACEMENT_3D('',#2542,#1766,#1767);
#1412=AXIS2_PLACEMENT_3D('',#2543,#1768,#1769);
#1413=AXIS2_PLACEMENT_3D('',#2544,#1770,#1771);
#1414=AXIS2_PLACEMENT_3D('',#2545,#1772,#1773);
#1415=AXIS2_PLACEMENT_3D('',#2546,#1774,#1775);
#1416=AXIS2_PLACEMENT_3D('',#2550,#1776,#1777);
#1417=AXIS2_PLACEMENT_3D('',#2855,#1780,#1781);
#1418=DIRECTION('axis',(0.,0.,1.));
#1419=DIRECTION('refdir',(1.,0.,0.));
#1420=DIRECTION('center_axis',(-1.23259516440783E-32,1.,-2.16667118743564E-34));
#1421=DIRECTION('ref_axis',(-1.,-1.84884384836383E-32,-1.08586892106921E-16));
#1422=DIRECTION('',(-1.23259516440783E-32,1.,-2.16667118743564E-34));
#1423=DIRECTION('',(-1.23259516440783E-32,1.,-2.16667118743564E-34));
#1424=DIRECTION('',(-1.23259516440783E-32,1.,-2.16667118743564E-34));
#1425=DIRECTION('center_axis',(-1.23259516440783E-32,1.,-2.16667118743564E-34));
#1426=DIRECTION('ref_axis',(1.,6.16346480451827E-33,-1.38777878078145E-17));
#1427=DIRECTION('',(1.23259516440783E-32,-1.,2.16667118743564E-34));
#1428=DIRECTION('center_axis',(-1.23259516440783E-32,1.,-2.16667118743564E-34));
#1429=DIRECTION('ref_axis',(1.,6.16346480451827E-33,-1.38777878078145E-17));
#1430=DIRECTION('',(-1.23259516440783E-32,1.,-2.16667118743564E-34));
#1431=DIRECTION('',(-1.23259516440783E-32,1.,-2.16667118743564E-34));
#1432=DIRECTION('center_axis',(-1.23259516440783E-32,1.,-2.16667118743564E-34));
#1433=DIRECTION('ref_axis',(-1.,-6.16346480451827E-33,1.38777878078145E-17));
#1434=DIRECTION('center_axis',(1.23259516440783E-32,-1.,2.16667118743564E-34));
#1435=DIRECTION('ref_axis',(-1.,-6.16346480451827E-33,1.38777878078145E-17));
#1436=DIRECTION('',(-1.23259516440783E-32,1.,-2.16667118743564E-34));
#1437=DIRECTION('center_axis',(-1.23259516440783E-32,1.,-2.16667118743564E-34));
#1438=DIRECTION('ref_axis',(-1.,-6.16346480451827E-33,1.38777878078145E-17));
#1439=DIRECTION('',(-1.23259516440783E-32,1.,-2.16667118743564E-34));
#1440=DIRECTION('center_axis',(1.,6.16346480451827E-33,2.63677968348474E-16));
#1441=DIRECTION('ref_axis',(2.63677968348474E-16,-2.16667118743563E-34,
-1.));
#1442=DIRECTION('',(-2.63677968348474E-16,2.16667118743563E-34,1.));
#1443=DIRECTION('',(2.63677968348474E-16,-2.16667118743563E-34,-1.));
#1444=DIRECTION('',(-1.23259516440783E-32,1.,-2.16667118743564E-34));
#1445=DIRECTION('center_axis',(-1.,-6.16346480451827E-33,-2.63677968348474E-16));
#1446=DIRECTION('ref_axis',(-2.63677968348474E-16,2.16667118743563E-34,
1.));
#1447=DIRECTION('',(2.63677968348474E-16,-2.16667118743563E-34,-1.));
#1448=DIRECTION('',(-1.23259516440783E-32,1.,-2.16667118743564E-34));
#1449=DIRECTION('',(-2.63677968348474E-16,2.16667118743563E-34,1.));
#1450=DIRECTION('center_axis',(-1.23259516440783E-32,1.,-2.16667118743564E-34));
#1451=DIRECTION('ref_axis',(1.,6.16346480451827E-33,-1.38777878078145E-17));
#1452=DIRECTION('center_axis',(1.23259516440783E-32,-1.,2.16667118743564E-34));
#1453=DIRECTION('ref_axis',(1.,6.16346480451827E-33,-1.38777878078145E-17));
#1454=DIRECTION('center_axis',(-1.23259516440783E-32,1.,-2.16667118743564E-34));
#1455=DIRECTION('ref_axis',(1.,6.16346480451827E-33,-1.38777878078145E-17));
#1456=DIRECTION('center_axis',(1.23259516440783E-32,-1.,2.16667118743564E-34));
#1457=DIRECTION('ref_axis',(-1.,-6.16346480451827E-33,1.38777878078145E-17));
#1458=DIRECTION('center_axis',(-1.23259516440783E-32,1.,-2.16667118743564E-34));
#1459=DIRECTION('ref_axis',(-1.,-6.16346480451827E-33,1.38777878078145E-17));
#1460=DIRECTION('',(-1.23259516440783E-32,1.,-2.16667118743564E-34));
#1461=DIRECTION('center_axis',(1.23259516440783E-32,-1.,2.16667118743564E-34));
#1462=DIRECTION('ref_axis',(-1.,-6.16346480451827E-33,1.38777878078145E-17));
#1463=DIRECTION('center_axis',(1.23259516440783E-32,-1.,2.16667118743564E-34));
#1464=DIRECTION('ref_axis',(-1.,-6.16346480451827E-33,1.38777878078145E-17));
#1465=DIRECTION('center_axis',(1.23259516440783E-32,-1.,2.16667118743564E-34));
#1466=DIRECTION('ref_axis',(-1.,-6.16346480451827E-33,1.38777878078145E-17));
#1467=DIRECTION('center_axis',(1.23259516440783E-32,-1.,2.16667118743564E-34));
#1468=DIRECTION('ref_axis',(-1.,-6.16346480451827E-33,1.38777878078145E-17));
#1469=DIRECTION('center_axis',(-1.23259516440783E-32,1.,-2.16667118743564E-34));
#1470=DIRECTION('ref_axis',(-1.,-6.16346480451827E-33,1.38777878078145E-17));
#1471=DIRECTION('',(-1.23259516440783E-32,1.,-2.16667118743564E-34));
#1472=DIRECTION('center_axis',(1.23259516440783E-32,-1.,2.16667118743564E-34));
#1473=DIRECTION('ref_axis',(-1.,-6.16346480451827E-33,1.38777878078145E-17));
#1474=DIRECTION('center_axis',(1.23259516440783E-32,-1.,2.16667118743564E-34));
#1475=DIRECTION('ref_axis',(-1.,-6.16346480451827E-33,1.38777878078145E-17));
#1476=DIRECTION('center_axis',(-1.23259516440783E-32,1.,-2.16667118743564E-34));
#1477=DIRECTION('ref_axis',(-1.29346371800989E-17,0.,-1.));
#1478=DIRECTION('center_axis',(1.23259516440783E-32,-1.,2.16667118743564E-34));
#1479=DIRECTION('ref_axis',(1.,6.16346480451827E-33,1.08586892106921E-16));
#1480=DIRECTION('center_axis',(1.,1.23259516440783E-32,-1.36083161998957E-16));
#1481=DIRECTION('ref_axis',(1.36083161998957E-16,0.,1.));
#1482=DIRECTION('center_axis',(-1.23259516440783E-32,1.,-2.16667118743564E-34));
#1483=DIRECTION('ref_axis',(1.,6.16346480451827E-33,1.08586892106921E-16));
#1484=DIRECTION('center_axis',(-1.23259516440783E-32,1.,-2.16667118743564E-34));
#1485=DIRECTION('ref_axis',(1.,6.16346480451827E-33,1.08586892106921E-16));
#1486=DIRECTION('center_axis',(-1.23259516440783E-32,1.,-2.16667118743564E-34));
#1487=DIRECTION('ref_axis',(-1.,-6.16346480451827E-33,1.38777878078145E-17));
#1488=DIRECTION('',(1.23259516440783E-32,-1.,2.16667118743564E-34));
#1489=DIRECTION('center_axis',(-1.23259516440783E-32,1.,-2.16667118743564E-34));
#1490=DIRECTION('ref_axis',(-1.,-6.16346480451827E-33,1.38777878078145E-17));
#1491=DIRECTION('center_axis',(-1.23259516440783E-32,1.,-2.16667118743564E-34));
#1492=DIRECTION('ref_axis',(-1.38777878078145E-17,-2.16667118743565E-34,
-1.));
#1493=DIRECTION('center_axis',(-1.23259516440783E-32,1.,-2.16667118743564E-34));
#1494=DIRECTION('ref_axis',(-1.38777878078145E-17,-2.16667118743565E-34,
-1.));
#1495=DIRECTION('center_axis',(-1.23259516440783E-32,1.,-2.16667118743564E-34));
#1496=DIRECTION('ref_axis',(-1.,-6.16346480451827E-33,1.38777878078145E-17));
#1497=DIRECTION('center_axis',(-1.23259516440783E-32,1.,-2.16667118743564E-34));
#1498=DIRECTION('ref_axis',(-1.,-6.16346480451827E-33,1.38777878078145E-17));
#1499=DIRECTION('',(1.23259516440783E-32,-1.,2.16667118743564E-34));
#1500=DIRECTION('center_axis',(1.23259516440783E-32,-1.,2.16667118743564E-34));
#1501=DIRECTION('ref_axis',(-1.,-6.16346480451827E-33,1.38777878078145E-17));
#1502=DIRECTION('center_axis',(-1.23259516440783E-32,1.,-2.16667118743564E-34));
#1503=DIRECTION('ref_axis',(-1.,-1.84884384836383E-32,-1.08586892106921E-16));
#1504=DIRECTION('center_axis',(-1.23259516440783E-32,1.,-2.16667118743564E-34));
#1505=DIRECTION('ref_axis',(1.,6.16346480451827E-33,-1.38777878078145E-17));
#1506=DIRECTION('center_axis',(-1.23259516440783E-32,1.,-2.16667118743564E-34));
#1507=DIRECTION('ref_axis',(1.,6.16346480451827E-33,-1.38777878078145E-17));
#1508=DIRECTION('center_axis',(-1.23259516440783E-32,1.,-2.16667118743564E-34));
#1509=DIRECTION('ref_axis',(-1.38777878078145E-17,-2.16667118743565E-34,
-1.));
#1510=DIRECTION('center_axis',(-1.23259516440783E-32,1.,-2.16667118743564E-34));
#1511=DIRECTION('ref_axis',(-1.38777878078145E-17,-2.16667118743565E-34,
-1.));
#1512=DIRECTION('center_axis',(-1.,4.89547160464643E-15,-2.5480701680723E-15));
#1513=DIRECTION('ref_axis',(-5.67799247748209E-15,-1.,7.56054729471869E-17));
#1514=DIRECTION('',(0.999999999999993,3.00060363189723E-8,1.16884721671486E-7));
#1515=DIRECTION('center_axis',(-1.,1.1900644094486E-16,5.34840094140094E-18));
#1516=DIRECTION('ref_axis',(-1.1900644094486E-16,-1.,-5.34840094140102E-18));
#1517=DIRECTION('center_axis',(1.,-1.71402741579812E-48,3.20474742746036E-31));
#1518=DIRECTION('ref_axis',(-1.1900644094486E-16,-1.,-5.34840094140102E-18));
#1519=DIRECTION('center_axis',(-1.,1.71402741579812E-48,-3.20474742746036E-31));
#1520=DIRECTION('ref_axis',(0.,-1.,-5.34840094140094E-18));
#1521=DIRECTION('',(-1.23259516440783E-32,1.,-2.16667118743564E-34));
#1522=DIRECTION('',(-7.14905195356542E-31,0.275926559026459,0.961178721166786));
#1523=DIRECTION('center_axis',(-1.,2.86053926299802E-35,-3.20474742746036E-31));
#1524=DIRECTION('ref_axis',(-2.86053926299802E-35,-1.,-9.16730584424225E-66));
#1525=DIRECTION('',(-1.58850701813059E-30,0.970368469620706,0.241629950887653));
#1526=DIRECTION('center_axis',(-1.,2.86053926299802E-35,-3.20474742746036E-31));
#1527=DIRECTION('ref_axis',(-2.86053926299802E-35,-1.,-9.16730584424225E-66));
#1528=DIRECTION('',(3.08919163079713E-31,0.694441910594247,-0.719548770279133));
#1529=DIRECTION('center_axis',(-1.,2.86053926299802E-35,-3.20474742746036E-31));
#1530=DIRECTION('ref_axis',(-2.86053926299802E-35,-1.,-9.16730584424225E-66));
#1531=DIRECTION('',(2.09541177949331E-30,-0.275926559026458,-0.961178721166786));
#1532=DIRECTION('',(-1.23259516440783E-32,1.,-2.16667118743564E-34));
#1533=DIRECTION('center_axis',(1.,-1.71402741579812E-48,3.20474742746036E-31));
#1534=DIRECTION('ref_axis',(-1.1900644094486E-16,-1.,-5.34840094140102E-18));
#1535=DIRECTION('center_axis',(1.,-1.71402741579812E-48,3.20474742746036E-31));
#1536=DIRECTION('ref_axis',(-4.90774095703903E-15,-1.,2.67131920155833E-16));
#1537=DIRECTION('center_axis',(1.,-1.19006440944861E-16,-5.34840094140094E-18));
#1538=DIRECTION('ref_axis',(1.19006440944861E-16,1.,5.34840094140096E-18));
#1539=DIRECTION('center_axis',(1.,-1.16263601845335E-16,-5.34840094140142E-18));
#1540=DIRECTION('ref_axis',(-1.16263601845335E-16,-1.,-5.34840094140096E-18));
#1541=DIRECTION('',(-1.,1.19006440944861E-16,5.34840094140094E-18));
#1542=DIRECTION('center_axis',(1.,-2.86053926299802E-35,3.20474742746036E-31));
#1543=DIRECTION('ref_axis',(-2.86053926299785E-35,-1.,-5.34840094140096E-18));
#1544=DIRECTION('center_axis',(-1.,1.16263601845335E-16,5.34840094140142E-18));
#1545=DIRECTION('ref_axis',(-1.16263601845335E-16,-1.,-5.34840094140094E-18));
#1546=DIRECTION('',(-9.80130322628384E-17,-0.866025403784439,0.5));
#1547=DIRECTION('center_axis',(-1.,1.16263601845335E-16,5.34840094140142E-18));
#1548=DIRECTION('ref_axis',(-1.16263601845335E-16,-1.,6.21824357560308E-34));
#1549=DIRECTION('',(5.34840094140144E-18,1.32201003813878E-16,1.));
#1550=DIRECTION('center_axis',(-1.,1.16263601845335E-16,5.34840094140142E-18));
#1551=DIRECTION('ref_axis',(-1.16263601845335E-16,-1.,-5.3484009414008E-18));
#1552=DIRECTION('center_axis',(-1.,1.16263601845335E-16,5.34840094140142E-18));
#1553=DIRECTION('ref_axis',(-1.16263601845335E-16,-1.,-5.34840094140094E-18));
#1554=DIRECTION('',(-1.03361433204237E-16,-0.866025403784438,-0.5));
#1555=DIRECTION('center_axis',(-1.,1.16263601845335E-16,5.34840094140142E-18));
#1556=DIRECTION('ref_axis',(-1.16263601845335E-16,-1.,6.21824357560308E-34));
#1557=DIRECTION('',(-9.80130322628384E-17,-0.866025403784439,0.5));
#1558=DIRECTION('center_axis',(-1.,1.16263601845335E-16,5.34840094140142E-18));
#1559=DIRECTION('ref_axis',(-1.16263601845335E-16,-1.,-5.3484009414008E-18));
#1560=DIRECTION('center_axis',(-1.,1.16263601845335E-16,5.34840094140142E-18));
#1561=DIRECTION('ref_axis',(-1.16263601845335E-16,-1.,-5.34840094140094E-18));
#1562=DIRECTION('',(-5.34840094140094E-18,5.34840094140094E-18,-1.));
#1563=DIRECTION('center_axis',(-1.,1.16263601845335E-16,5.34840094140142E-18));
#1564=DIRECTION('ref_axis',(-1.16263601845335E-16,-1.,6.21824357560308E-34));
#1565=DIRECTION('',(-1.03361433204237E-16,-0.866025403784438,-0.5));
#1566=DIRECTION('center_axis',(-1.,1.16263601845335E-16,5.34840094140142E-18));
#1567=DIRECTION('ref_axis',(-1.16263601845335E-16,-1.,-5.3484009414008E-18));
#1568=DIRECTION('center_axis',(-1.,1.16263601845335E-16,5.34840094140142E-18));
#1569=DIRECTION('ref_axis',(-1.16263601845335E-16,-1.,-5.34840094140094E-18));
#1570=DIRECTION('',(9.80130322628372E-17,0.866025403784438,-0.5));
#1571=DIRECTION('center_axis',(-1.,1.16263601845335E-16,5.34840094140142E-18));
#1572=DIRECTION('ref_axis',(-1.16263601845335E-16,-1.,6.21824357560308E-34));
#1573=DIRECTION('',(-5.34840094140094E-18,5.34840094140094E-18,-1.));
#1574=DIRECTION('center_axis',(-1.,1.16263601845335E-16,5.34840094140142E-18));
#1575=DIRECTION('ref_axis',(-1.16263601845335E-16,-1.,-5.3484009414008E-18));
#1576=DIRECTION('center_axis',(-1.,1.16263601845335E-16,5.34840094140142E-18));
#1577=DIRECTION('ref_axis',(-1.16263601845335E-16,-1.,-5.34840094140094E-18));
#1578=DIRECTION('',(1.03361433204237E-16,0.866025403784439,0.5));
#1579=DIRECTION('center_axis',(-1.,1.16263601845335E-16,5.34840094140142E-18));
#1580=DIRECTION('ref_axis',(-1.16263601845335E-16,-1.,6.21824357560308E-34));
#1581=DIRECTION('',(9.80130322628372E-17,0.866025403784438,-0.5));
#1582=DIRECTION('center_axis',(-1.,1.16263601845335E-16,5.34840094140142E-18));
#1583=DIRECTION('ref_axis',(-1.16263601845335E-16,-1.,-5.3484009414008E-18));
#1584=DIRECTION('center_axis',(-1.,1.19006440944861E-16,5.34840094140094E-18));
#1585=DIRECTION('ref_axis',(-1.19006440944861E-16,-1.,-5.3484009414008E-18));
#1586=DIRECTION('center_axis',(1.,-1.19006440944861E-16,-5.34840094140094E-18));
#1587=DIRECTION('ref_axis',(1.19006440944861E-16,1.,5.3484009414008E-18));
#1588=DIRECTION('center_axis',(1.,-1.19006440944861E-16,-5.34840094140094E-18));
#1589=DIRECTION('ref_axis',(1.19006440944861E-16,1.,5.3484009414008E-18));
#1590=DIRECTION('center_axis',(1.,-1.19006440944861E-16,-5.34840094140094E-18));
#1591=DIRECTION('ref_axis',(1.19006440944861E-16,1.,5.3484009414008E-18));
#1592=DIRECTION('center_axis',(1.,-1.19006440944861E-16,-5.34840094140094E-18));
#1593=DIRECTION('ref_axis',(1.19006440944861E-16,1.,5.3484009414008E-18));
#1594=DIRECTION('center_axis',(1.,-1.19006440944861E-16,-5.34840094140094E-18));
#1595=DIRECTION('ref_axis',(1.19006440944861E-16,1.,5.3484009414008E-18));
#1596=DIRECTION('center_axis',(1.,-1.19006440944861E-16,-5.34840094140094E-18));
#1597=DIRECTION('ref_axis',(1.19006440944861E-16,1.,5.3484009414008E-18));
#1598=DIRECTION('',(1.,-1.19006440944861E-16,-5.34840094140094E-18));
#1599=DIRECTION('center_axis',(1.,-1.19006440944861E-16,-5.34840094140094E-18));
#1600=DIRECTION('ref_axis',(1.19006440944861E-16,1.,5.3484009414008E-18));
#1601=DIRECTION('center_axis',(1.,-1.19006440944861E-16,-5.34840094140094E-18));
#1602=DIRECTION('ref_axis',(1.19006440944861E-16,1.,5.3484009414008E-18));
#1603=DIRECTION('center_axis',(-1.,3.61048777978799E-15,5.34840094140096E-18));
#1604=DIRECTION('ref_axis',(-5.34840094140096E-18,1.93103362403348E-32,
-1.));
#1605=DIRECTION('',(0.328520624941273,-1.30178719964789E-15,-0.944496796706159));
#1606=DIRECTION('center_axis',(1.,-3.61048777978799E-15,-5.34840094140096E-18));
#1607=DIRECTION('ref_axis',(5.34840094140096E-18,-1.93103362403348E-32,
1.));
#1608=DIRECTION('center_axis',(1.,-3.61048777978799E-15,-5.34840094140096E-18));
#1609=DIRECTION('ref_axis',(5.34840094140096E-18,-1.93103362403348E-32,
1.));
#1610=DIRECTION('center_axis',(-1.,1.16263601845335E-16,5.34840094140142E-18));
#1611=DIRECTION('ref_axis',(-1.16263601845335E-16,-1.,-5.34840094140094E-18));
#1612=DIRECTION('',(1.03361433204237E-16,0.866025403784439,0.5));
#1613=DIRECTION('center_axis',(1.,-1.16263601845335E-16,-5.34840094140142E-18));
#1614=DIRECTION('ref_axis',(-1.16263601845335E-16,-1.,1.0244429976241E-15));
#1615=DIRECTION('',(5.34840094140144E-18,1.32201003813878E-16,1.));
#1616=DIRECTION('center_axis',(-1.,1.16263601845335E-16,5.34840094140142E-18));
#1617=DIRECTION('ref_axis',(-1.16263601845335E-16,-1.,-5.34840094140094E-18));
#1618=DIRECTION('',(9.80130322628372E-17,0.866025403784438,-0.5));
#1619=DIRECTION('center_axis',(1.,-1.16263601845335E-16,-5.34840094140142E-18));
#1620=DIRECTION('ref_axis',(-1.16263601845335E-16,-1.,2.0488859952482E-15));
#1621=DIRECTION('',(1.03361433204237E-16,0.866025403784439,0.5));
#1622=DIRECTION('center_axis',(-1.,1.16263601845335E-16,5.34840094140142E-18));
#1623=DIRECTION('ref_axis',(-1.16263601845335E-16,-1.,-5.34840094140094E-18));
#1624=DIRECTION('',(-5.34840094140094E-18,5.34840094140094E-18,-1.));
#1625=DIRECTION('center_axis',(1.,-1.16263601845335E-16,-5.34840094140142E-18));
#1626=DIRECTION('ref_axis',(-1.16263601845335E-16,-1.,-1.70740499604016E-15));
#1627=DIRECTION('',(9.80130322628372E-17,0.866025403784438,-0.5));
#1628=DIRECTION('center_axis',(-1.,1.16263601845335E-16,5.34840094140142E-18));
#1629=DIRECTION('ref_axis',(-1.16263601845335E-16,-1.,-5.34840094140094E-18));
#1630=DIRECTION('',(-1.03361433204237E-16,-0.866025403784438,-0.5));
#1631=DIRECTION('center_axis',(1.,-1.16263601845335E-16,-5.34840094140142E-18));
#1632=DIRECTION('ref_axis',(-1.16263601845335E-16,-1.,2.73184799366426E-15));
#1633=DIRECTION('',(-5.34840094140094E-18,5.34840094140094E-18,-1.));
#1634=DIRECTION('center_axis',(-1.,1.16263601845335E-16,5.34840094140142E-18));
#1635=DIRECTION('ref_axis',(-1.16263601845335E-16,-1.,-5.34840094140094E-18));
#1636=DIRECTION('',(-9.80130322628384E-17,-0.866025403784439,0.5));
#1637=DIRECTION('center_axis',(1.,-1.16263601845335E-16,-5.34840094140142E-18));
#1638=DIRECTION('ref_axis',(-1.16263601845335E-16,-1.,6.21824357560308E-34));
#1639=DIRECTION('',(-1.03361433204237E-16,-0.866025403784438,-0.5));
#1640=DIRECTION('center_axis',(6.41350715573089E-17,0.5,0.866025403784439));
#1641=DIRECTION('ref_axis',(-3.12409993687898E-15,-0.866025403784439,0.5));
#1642=DIRECTION('',(1.,-1.19006440944861E-16,-5.34840094140107E-18));
#1643=DIRECTION('',(-9.80130322628384E-17,-0.866025403784439,0.5));
#1644=DIRECTION('',(-1.,1.19006440944861E-16,5.34840094140107E-18));
#1645=DIRECTION('center_axis',(1.19006440944861E-16,1.,-1.32201003813878E-16));
#1646=DIRECTION('ref_axis',(-1.,1.19006440944861E-16,5.34840094140094E-18));
#1647=DIRECTION('',(-1.,1.19006440944862E-16,5.34840094140094E-18));
#1648=DIRECTION('',(5.34840094140144E-18,1.32201003813878E-16,1.));
#1649=DIRECTION('',(1.,-1.19006440944862E-16,-5.34840094140094E-18));
#1650=DIRECTION('',(5.34840094140144E-18,1.32201003813878E-16,1.));
#1651=DIRECTION('center_axis',(5.48713693875528E-17,0.5,-0.866025403784439));
#1652=DIRECTION('ref_axis',(3.12944833782038E-15,0.866025403784439,0.5));
#1653=DIRECTION('',(1.03361433204237E-16,0.866025403784439,0.5));
#1654=DIRECTION('',(1.,-1.19006440944861E-16,-5.34840094140081E-18));
#1655=DIRECTION('',(-1.,1.19006440944861E-16,5.34840094140065E-18));
#1656=DIRECTION('center_axis',(-6.41350715573083E-17,-0.5,-0.866025403784439));
#1657=DIRECTION('ref_axis',(3.12409993687898E-15,0.866025403784439,-0.5));
#1658=DIRECTION('',(1.,-1.19006440944861E-16,-5.34840094140101E-18));
#1659=DIRECTION('',(-1.,1.19006440944861E-16,5.34840094140084E-18));
#1660=DIRECTION('center_axis',(-1.19006440944861E-16,-1.,-5.34840094140094E-18));
#1661=DIRECTION('ref_axis',(1.,-1.19006440944861E-16,-5.34840094140094E-18));
#1662=DIRECTION('',(1.,-1.19006440944862E-16,-5.34840094140063E-18));
#1663=DIRECTION('',(-1.,1.19006440944862E-16,5.34840094140094E-18));
#1664=DIRECTION('center_axis',(-5.48713693875528E-17,-0.5,0.866025403784439));
#1665=DIRECTION('ref_axis',(-3.12944833782038E-15,-0.866025403784439,-0.5));
#1666=DIRECTION('',(1.,-1.19006440944861E-16,-5.34840094140074E-18));
#1667=DIRECTION('',(-1.,1.19006440944861E-16,5.34840094140074E-18));
#1668=DIRECTION('center_axis',(-1.,1.16263601845335E-16,5.34840094140142E-18));
#1669=DIRECTION('ref_axis',(-1.16263601845335E-16,-1.,-5.34840094140094E-18));
#1670=DIRECTION('center_axis',(-1.,1.16263601845335E-16,5.34840094140142E-18));
#1671=DIRECTION('ref_axis',(-1.16263601845335E-16,-1.,6.21824357560308E-34));
#1672=DIRECTION('center_axis',(-1.,1.16263601845335E-16,5.34840094140142E-18));
#1673=DIRECTION('ref_axis',(-1.16263601845335E-16,-1.,-5.3484009414008E-18));
#1674=DIRECTION('center_axis',(-1.,1.16263601845335E-16,5.34840094140142E-18));
#1675=DIRECTION('ref_axis',(-1.16263601845335E-16,-1.,-5.34840094140094E-18));
#1676=DIRECTION('center_axis',(1.,-1.16263601845335E-16,-5.34840094140142E-18));
#1677=DIRECTION('ref_axis',(-1.16263601845335E-16,-1.,6.21824357560308E-34));
#1678=DIRECTION('center_axis',(1.,-1.16263601845334E-16,-5.34840094140142E-18));
#1679=DIRECTION('ref_axis',(1.16263601845334E-16,1.,5.3484009414008E-18));
#1680=DIRECTION('',(-1.,1.16263601845334E-16,5.34840094140142E-18));
#1681=DIRECTION('center_axis',(-1.,1.16263601845335E-16,5.34840094140142E-18));
#1682=DIRECTION('ref_axis',(-1.16263601845335E-16,-1.,-5.3484009414008E-18));
#1683=DIRECTION('center_axis',(-1.,1.16263601845335E-16,5.34840094140142E-18));
#1684=DIRECTION('ref_axis',(-1.16263601845335E-16,-1.,-5.34840094140094E-18));
#1685=DIRECTION('center_axis',(-2.29028487674842E-17,-0.241629950887654,
0.970368469620706));
#1686=DIRECTION('ref_axis',(-3.50479583531393E-15,-0.970368469620706,-0.241629950887654));
#1687=DIRECTION('',(4.03867509338003E-31,-0.970368469620705,-0.241629950887654));
#1688=DIRECTION('',(-1.,1.16263601845334E-16,5.34840094140142E-18));
#1689=DIRECTION('',(4.03867509338003E-31,-0.970368469620705,-0.241629950887654));
#1690=DIRECTION('',(1.,-1.16263601845335E-16,-5.34840094140152E-18));
#1691=DIRECTION('center_axis',(8.73714855044034E-17,0.719548770279133,0.694441910594247));
#1692=DIRECTION('ref_axis',(-2.50342559665281E-15,-0.694441910594247,0.719548770279133));
#1693=DIRECTION('',(-3.08919163079713E-31,-0.694441910594247,0.719548770279133));
#1694=DIRECTION('',(1.,-1.16263601845334E-16,-5.34840094140132E-18));
#1695=DIRECTION('',(-3.08919163079713E-31,-0.694441910594247,0.719548770279133));
#1696=DIRECTION('',(-1.,1.16263601845335E-16,5.34840094140089E-18));
#1697=DIRECTION('center_axis',(1.10274334271888E-16,0.961178721166786,-0.275926559026459));
#1698=DIRECTION('ref_axis',(1.00137023866112E-15,0.275926559026459,0.961178721166786));
#1699=DIRECTION('',(-7.14905195356542E-31,0.275926559026459,0.961178721166786));
#1700=DIRECTION('',(1.,-1.16263601845335E-16,-5.34840094140093E-18));
#1701=DIRECTION('',(-7.14905195356542E-31,0.275926559026459,0.961178721166786));
#1702=DIRECTION('',(-1.,1.16263601845335E-16,5.34840094140154E-18));
#1703=DIRECTION('center_axis',(2.29028487674841E-17,0.241629950887653,-0.970368469620706));
#1704=DIRECTION('ref_axis',(3.50479583531393E-15,0.970368469620706,0.241629950887653));
#1705=DIRECTION('',(-1.58850701813059E-30,0.970368469620706,0.241629950887653));
#1706=DIRECTION('',(-1.,1.16263601845334E-16,5.34840094140141E-18));
#1707=DIRECTION('',(1.,-1.16263601845334E-16,-5.34840094140141E-18));
#1708=DIRECTION('center_axis',(-8.73714855044038E-17,-0.719548770279133,
-0.694441910594247));
#1709=DIRECTION('ref_axis',(2.50342559665281E-15,0.694441910594247,-0.719548770279133));
#1710=DIRECTION('',(3.08919163079713E-31,0.694441910594247,-0.719548770279133));
#1711=DIRECTION('',(-1.,1.16263601845335E-16,5.3484009414015E-18));
#1712=DIRECTION('',(1.,-1.16263601845335E-16,-5.3484009414015E-18));
#1713=DIRECTION('center_axis',(-1.10274334271888E-16,-0.961178721166786,
0.275926559026459));
#1714=DIRECTION('ref_axis',(-1.00137023866112E-15,-0.275926559026459,-0.961178721166786));
#1715=DIRECTION('',(2.09541177949331E-30,-0.275926559026458,-0.961178721166786));
#1716=DIRECTION('',(-1.,1.16263601845334E-16,5.34840094140155E-18));
#1717=DIRECTION('',(2.09541177949331E-30,-0.275926559026458,-0.961178721166786));
#1718=DIRECTION('',(1.,-1.16263601845334E-16,-5.34840094140135E-18));
#1719=DIRECTION('center_axis',(-1.,1.71402741579812E-48,-3.20474742746036E-31));
#1720=DIRECTION('ref_axis',(0.,-1.,-5.34840094140094E-18));
#1721=DIRECTION('center_axis',(1.,-1.71402741579812E-48,3.20474742746036E-31));
#1722=DIRECTION('ref_axis',(-4.90774095703903E-15,-1.,2.67131920155833E-16));
#1723=DIRECTION('center_axis',(-1.,2.86053926299802E-35,-3.20474742746036E-31));
#1724=DIRECTION('ref_axis',(-2.86053926299802E-35,-1.,-9.16730584424225E-66));
#1725=DIRECTION('center_axis',(-1.,2.86053926299802E-35,-3.20474742746036E-31));
#1726=DIRECTION('ref_axis',(-2.86053926299802E-35,-1.,-9.16730584424225E-66));
#1727=DIRECTION('center_axis',(-1.,2.86053926299802E-35,-3.20474742746036E-31));
#1728=DIRECTION('ref_axis',(-2.86053926299802E-35,-1.,-9.16730584424225E-66));
#1729=DIRECTION('center_axis',(-1.,1.71402741579812E-48,-3.20474742746036E-31));
#1730=DIRECTION('ref_axis',(0.,-1.,-5.34840094140094E-18));
#1731=DIRECTION('center_axis',(1.,-2.86053926299802E-35,3.20474742746036E-31));
#1732=DIRECTION('ref_axis',(-2.86053926299802E-35,-1.,-9.16730584424225E-66));
#1733=DIRECTION('center_axis',(1.,-2.86053926299802E-35,3.20474742746036E-31));
#1734=DIRECTION('ref_axis',(-2.86053926299802E-35,-1.,-9.16730584424225E-66));
#1735=DIRECTION('center_axis',(1.,-2.86053926299802E-35,3.20474742746036E-31));
#1736=DIRECTION('ref_axis',(-2.86053926308557E-35,-1.,2.73184799366426E-15));
#1737=DIRECTION('center_axis',(1.,-2.86053926299802E-35,3.20474742746036E-31));
#1738=DIRECTION('ref_axis',(-2.86053926308557E-35,-1.,2.73184799366426E-15));
#1739=DIRECTION('center_axis',(1.,-2.86053926299802E-35,3.20474742746036E-31));
#1740=DIRECTION('ref_axis',(-2.86053926306368E-35,-1.,2.0488859952482E-15));
#1741=DIRECTION('center_axis',(1.,-2.86053926299802E-35,3.20474742746036E-31));
#1742=DIRECTION('ref_axis',(-2.86053926299802E-35,-1.,-9.16730584424225E-66));
#1743=DIRECTION('center_axis',(1.,-3.61048777978799E-15,-5.34840094140096E-18));
#1744=DIRECTION('ref_axis',(5.34840094140096E-18,-1.93103362403348E-32,
1.));
#1745=DIRECTION('center_axis',(1.,-3.61048777978799E-15,-5.34840094140096E-18));
#1746=DIRECTION('ref_axis',(5.34840094140096E-18,-1.93103362403348E-32,
1.));
#1747=DIRECTION('',(1.,-3.61048777978799E-15,-5.34840094140096E-18));
#1748=DIRECTION('center_axis',(1.,-3.61048777978799E-15,-5.34840094140096E-18));
#1749=DIRECTION('ref_axis',(5.34840094140094E-18,-5.34840094140094E-18,
1.));
#1750=DIRECTION('center_axis',(1.,-1.16263601845334E-16,-5.3484009414014E-18));
#1751=DIRECTION('ref_axis',(1.16263601845334E-16,1.,-6.21824357560303E-34));
#1752=DIRECTION('center_axis',(1.,-1.16263601845335E-16,-5.34840094140148E-18));
#1753=DIRECTION('ref_axis',(1.16263601845335E-16,1.,-6.21824357560315E-34));
#1754=DIRECTION('center_axis',(1.,-1.16263601845334E-16,-5.34840094140141E-18));
#1755=DIRECTION('ref_axis',(1.16263601845334E-16,1.,-6.21824357560305E-34));
#1756=DIRECTION('center_axis',(1.,-1.16263601845334E-16,-5.3484009414014E-18));
#1757=DIRECTION('ref_axis',(1.16263601845334E-16,1.,-6.21824357560304E-34));
#1758=DIRECTION('center_axis',(1.,-1.16263601845335E-16,-5.34840094140088E-18));
#1759=DIRECTION('ref_axis',(-1.14110867252047E-16,-0.970368469620706,-0.241629950887653));
#1760=DIRECTION('center_axis',(1.,-1.16263601845334E-16,-5.34840094140161E-18));
#1761=DIRECTION('ref_axis',(1.16263601845334E-16,1.,-6.21824357560328E-34));
#1762=DIRECTION('center_axis',(1.,-1.19006440944861E-16,-5.34840094140094E-18));
#1763=DIRECTION('ref_axis',(1.19006440944861E-16,1.,-6.3649416078227E-34));
#1764=DIRECTION('center_axis',(1.,-1.19006440944861E-16,-5.34840094140073E-18));
#1765=DIRECTION('ref_axis',(1.19006440944861E-16,1.,-6.36494160782243E-34));
#1766=DIRECTION('center_axis',(1.,-1.19006440944861E-16,-5.34840094140063E-18));
#1767=DIRECTION('ref_axis',(1.19006440944861E-16,1.,-6.36494160782233E-34));
#1768=DIRECTION('center_axis',(1.,-1.19006440944861E-16,-5.34840094140094E-18));
#1769=DIRECTION('ref_axis',(1.19006440944861E-16,1.,-6.3649416078227E-34));
#1770=DIRECTION('center_axis',(1.,-1.19006440944861E-16,-5.34840094140094E-18));
#1771=DIRECTION('ref_axis',(1.19006440944861E-16,1.,-6.3649416078227E-34));
#1772=DIRECTION('center_axis',(1.,-1.19006440944861E-16,-5.34840094140094E-18));
#1773=DIRECTION('ref_axis',(1.19006440944861E-16,1.,-6.36494160782273E-34));
#1774=DIRECTION('center_axis',(-1.,1.1900644094486E-16,5.34840094140094E-18));
#1775=DIRECTION('ref_axis',(-1.1900644094486E-16,-1.,-5.34840094140102E-18));
#1776=DIRECTION('center_axis',(1.20674770734575E-7,-0.248694867766521,-0.968581882313818));
#1777=DIRECTION('ref_axis',(3.49572292644651E-15,0.968581882313825,-0.248694867766523));
#1778=DIRECTION('',(-0.999999999999993,-3.00111927646967E-8,-1.16883397455252E-7));
#1779=DIRECTION('',(0.499999370534392,0.838816882738502,-0.21537610521614));
#1780=DIRECTION('center_axis',(-1.,4.19611853136589E-15,-2.85072624046661E-15));
#1781=DIRECTION('ref_axis',(-4.90774095703903E-15,-1.,2.67131920155833E-16));
#1782=CARTESIAN_POINT('',(0.,0.,0.));
#1783=CARTESIAN_POINT('Origin',(-0.446000000000012,0.,6.18949336228542E-18));
#1784=CARTESIAN_POINT('',(51.054,3.36550000000005,6.1894933625982E-18));
#1785=CARTESIAN_POINT('',(51.054,3.85650547232147,3.01841884819964E-15));
#1786=CARTESIAN_POINT('',(51.054,9.52154581907375E-31,-7.08516578740159E-16));
#1787=CARTESIAN_POINT('',(51.054,0.741587186247089,6.18949336228542E-18));
#1788=CARTESIAN_POINT('',(51.054,3.17393254835016E-31,6.18949336230169E-18));
#1789=CARTESIAN_POINT('',(51.054,5.5333810021746E-31,-7.08516578740159E-16));
#1790=CARTESIAN_POINT('',(51.054,9.52154581907375E-31,-7.08516578740159E-16));
#1791=CARTESIAN_POINT('',(-51.946,-6.34786509670033E-31,7.0278265810736E-15));
#1792=CARTESIAN_POINT('Origin',(-0.446000000000012,0.,6.18949336228542E-18));
#1793=CARTESIAN_POINT('',(-51.946,18.8,7.0278265810736E-15));
#1794=CARTESIAN_POINT('',(-51.946,-3.17418437432691E-31,7.0278265810736E-15));
#1795=CARTESIAN_POINT('',(51.054,18.8,-7.08516578740159E-16));
#1796=CARTESIAN_POINT('Origin',(-0.446000000000012,18.8,6.18949336228541E-18));
#1797=CARTESIAN_POINT('',(51.054,13.2284128137531,6.18949336228541E-18));
#1798=CARTESIAN_POINT('',(51.054,9.52154581907375E-31,-7.08516578740159E-16));
#1799=CARTESIAN_POINT('',(51.054,10.6044999999999,6.18949336228068E-18));
#1800=CARTESIAN_POINT('',(51.054,3.17393254835016E-31,6.18949336230169E-18));
#1801=CARTESIAN_POINT('',(51.0379238751455,10.368075203388,-1.28669437638488));
#1802=CARTESIAN_POINT('Ctrl Pts',(51.0379238751455,10.368075203388,-1.28669437638488));
#1803=CARTESIAN_POINT('Ctrl Pts',(51.0483688609587,10.5270278787357,-0.868763852749769));
#1804=CARTESIAN_POINT('Ctrl Pts',(51.054,10.6044999999999,-0.421303373637592));
#1805=CARTESIAN_POINT('Ctrl Pts',(51.054,10.6044999999999,-9.0205620750794E-15));
#1806=CARTESIAN_POINT('',(51.017386122764,4.53192249808292,-1.94162014289681));
#1807=CARTESIAN_POINT('Ctrl Pts',(51.017386122764,4.53192249808295,-1.94162014289688));
#1808=CARTESIAN_POINT('Ctrl Pts',(51.0110652306359,4.63115096967775,-2.10915781158905));
#1809=CARTESIAN_POINT('Ctrl Pts',(51.0043249146508,4.74523800425053,-2.26605043899467));
#1810=CARTESIAN_POINT('Ctrl Pts',(50.9908244829252,4.99482251242523,-2.5541663126767));
#1811=CARTESIAN_POINT('Ctrl Pts',(50.9840016493465,5.1313647046173,-2.68688456867639));
#1812=CARTESIAN_POINT('Ctrl Pts',(50.9653462034641,5.55165158719182,-3.02867362153635));
#1813=CARTESIAN_POINT('Ctrl Pts',(50.9543649759327,5.85878857013667,-3.20419046698161));
#1814=CARTESIAN_POINT('Ctrl Pts',(50.9410151313208,6.42971068756364,-3.41060851528187));
#1815=CARTESIAN_POINT('Ctrl Pts',(50.9355067533505,6.74278229327905,-3.49154677476093));
#1816=CARTESIAN_POINT('Ctrl Pts',(50.9340928964039,7.44217189573874,-3.51228385512082));
#1817=CARTESIAN_POINT('Ctrl Pts',(50.9366002163346,7.74940480265153,-3.47631247539132));
#1818=CARTESIAN_POINT('Ctrl Pts',(50.9466391731581,8.31829951608124,-3.32443898641671));
#1819=CARTESIAN_POINT('Ctrl Pts',(50.9536166180147,8.57825296657763,-3.21695526177941));
#1820=CARTESIAN_POINT('Ctrl Pts',(50.9737377280632,9.16709203820169,-2.88089318412774));
#1821=CARTESIAN_POINT('Ctrl Pts',(50.9879183034861,9.4703127050631,-2.62530489776916));
#1822=CARTESIAN_POINT('Ctrl Pts',(51.0154665333871,9.99593944503339,-2.01580166728552));
#1823=CARTESIAN_POINT('Ctrl Pts',(51.0284843130492,10.2109131587729,-1.66439533265025));
#1824=CARTESIAN_POINT('Ctrl Pts',(51.0379238751455,10.3680752033881,-1.28669437638465));
#1825=CARTESIAN_POINT('Ctrl Pts',(51.054,3.85650547232147,3.01841884819964E-15));
#1826=CARTESIAN_POINT('Ctrl Pts',(51.054,3.85650547232147,-0.392924440429977));
#1827=CARTESIAN_POINT('Ctrl Pts',(51.0490415136016,3.93505130967419,-0.811973301308004));
#1828=CARTESIAN_POINT('Ctrl Pts',(51.0338249890082,4.20610973058582,-1.46628025486117));
#1829=CARTESIAN_POINT('Ctrl Pts',(51.0257658424672,4.356123425142,-1.71951246016244));
#1830=CARTESIAN_POINT('Ctrl Pts',(51.017386122764,4.53192249808291,-1.94162014289682));
#1831=CARTESIAN_POINT('Origin',(-0.446000000000013,-9.84752054689501E-33,
-45.45));
#1832=CARTESIAN_POINT('',(-2.47800000000001,5.5,-45.45));
#1833=CARTESIAN_POINT('',(1.58599999999999,5.5,-45.45));
#1834=CARTESIAN_POINT('Origin',(-0.446000000000013,5.5,-45.45));
#1835=CARTESIAN_POINT('',(-2.47800000000001,-2.23716810296761E-32,-45.45));
#1836=CARTESIAN_POINT('',(-2.47800000000001,-2.23716810296761E-32,-45.45));
#1837=CARTESIAN_POINT('',(1.58599999999999,2.67663993588613E-33,-45.45));
#1838=CARTESIAN_POINT('Origin',(-0.446000000000013,-9.84752054689501E-33,
-45.45));
#1839=CARTESIAN_POINT('',(1.58599999999999,2.67663993588613E-33,-45.45));
#1840=CARTESIAN_POINT('Origin',(1.58599999999999,3.10997417337325E-33,-43.45));
#1841=CARTESIAN_POINT('',(1.58599999999999,5.5,-43.45));
#1842=CARTESIAN_POINT('',(1.58599999999999,5.5,-43.95));
#1843=CARTESIAN_POINT('',(1.58599999999999,3.10997417337325E-33,-43.45));
#1844=CARTESIAN_POINT('',(1.58599999999998,7.81706732807715E-33,-21.725));
#1845=CARTESIAN_POINT('',(1.58599999999999,3.10997417337325E-33,-43.45));
#1846=CARTESIAN_POINT('Origin',(-2.47800000000001,-2.23716810296761E-32,
-45.45));
#1847=CARTESIAN_POINT('',(-2.47800000000001,5.5,-43.45));
#1848=CARTESIAN_POINT('',(-2.47800000000001,5.5,-44.95));
#1849=CARTESIAN_POINT('',(-2.47800000000001,-2.1938346792189E-32,-43.45));
#1850=CARTESIAN_POINT('',(-2.47800000000001,-2.1938346792189E-32,-43.45));
#1851=CARTESIAN_POINT('',(-2.47800000000002,-1.74479207562287E-32,-22.725));
#1852=CARTESIAN_POINT('Origin',(-0.446000000000013,-9.41418630940788E-33,
-43.45));
#1853=CARTESIAN_POINT('Origin',(-0.446000000000013,5.5,-43.45));
#1854=CARTESIAN_POINT('Origin',(-0.446000000000013,-9.41418630940788E-33,
-43.45));
#1855=CARTESIAN_POINT('Origin',(-0.446000000000012,2.75,44.45));
#1856=CARTESIAN_POINT('',(1.58599999999999,0.,44.45));
#1857=CARTESIAN_POINT('Origin',(-0.446000000000012,9.63085342815144E-33,
44.45));
#1858=CARTESIAN_POINT('',(1.58599999999999,5.5,44.45));
#1859=CARTESIAN_POINT('',(1.58599999999999,2.75,44.45));
#1860=CARTESIAN_POINT('Origin',(-0.446000000000012,5.5,44.45));
#1861=CARTESIAN_POINT('Origin',(-0.446000000000012,5.5,44.45));
#1862=CARTESIAN_POINT('Origin',(-0.446000000000013,5.5,-44.45));
#1863=CARTESIAN_POINT('Origin',(-0.446000000000012,3.55,6.18949336228542E-18));
#1864=CARTESIAN_POINT('',(2.04319999999999,0.,2.76483985194833E-16));
#1865=CARTESIAN_POINT('Origin',(-0.446000000000012,0.,6.18949336228542E-18));
#1866=CARTESIAN_POINT('',(2.04319999999999,7.1,2.76483985194833E-16));
#1867=CARTESIAN_POINT('',(2.04319999999999,3.55,2.76483985194833E-16));
#1868=CARTESIAN_POINT('Origin',(-0.446000000000012,7.1,6.18949336228541E-18));
#1869=CARTESIAN_POINT('Origin',(-0.446000000000012,7.1,6.18949336228541E-18));
#1870=CARTESIAN_POINT('Origin',(-0.446000000000012,70.7,6.1894933622854E-18));
#1871=CARTESIAN_POINT('',(-0.446000000000006,72.7,49.5));
#1872=CARTESIAN_POINT('Origin',(-0.446000000000012,72.7,6.1894933622854E-18));
#1873=CARTESIAN_POINT('',(-0.446000000000005,70.7,51.5));
#1874=CARTESIAN_POINT('Origin',(-0.446000000000006,70.7,49.5));
#1875=CARTESIAN_POINT('',(51.054,70.7,-7.01544759434903E-15));
#1876=CARTESIAN_POINT('Origin',(-0.446000000000012,70.7,6.1894933622854E-18));
#1877=CARTESIAN_POINT('Origin',(-0.446000000000012,70.7,6.1894933622854E-18));
#1878=CARTESIAN_POINT('Origin',(-0.446000000000012,58.,6.1894933622854E-18));
#1879=CARTESIAN_POINT('',(51.054,58.,-7.01544759434903E-15));
#1880=CARTESIAN_POINT('',(51.054,58.,-7.01544759434903E-15));
#1881=CARTESIAN_POINT('Origin',(-0.446000000000012,58.,6.1894933622854E-18));
#1882=CARTESIAN_POINT('Origin',(-0.446000000000012,72.7,6.1894933622854E-18));
#1883=CARTESIAN_POINT('Origin',(-0.446000000000012,58.,6.1894933622854E-18));
#1884=CARTESIAN_POINT('',(51.004,58.,-7.0086304709629E-15));
#1885=CARTESIAN_POINT('Origin',(-0.446000000000012,58.,6.1894933622854E-18));
#1886=CARTESIAN_POINT('Origin',(-0.446000000000012,18.8,6.18949336228541E-18));
#1887=CARTESIAN_POINT('',(51.004,18.8,-7.0086304709629E-15));
#1888=CARTESIAN_POINT('',(51.004,18.8,-7.0086304709629E-15));
#1889=CARTESIAN_POINT('Origin',(-0.446000000000012,18.8,6.18949336228541E-18));
#1890=CARTESIAN_POINT('Origin',(-0.446000000000012,0.,6.18949336228542E-18));
#1891=CARTESIAN_POINT('',(50.9697389102683,5.92873975732146,2.9447907072416));
#1892=CARTESIAN_POINT('Ctrl Pts',(50.9697389102845,5.92873975732204,2.9447907072409));
#1893=CARTESIAN_POINT('Ctrl Pts',(50.9707135266194,5.88129821120567,2.92777400758524));
#1894=CARTESIAN_POINT('Ctrl Pts',(50.9717460826788,5.83423508073862,2.90959817045504));
#1895=CARTESIAN_POINT('Ctrl Pts',(50.9818052357211,5.40225882911448,2.73064424214871));
#1896=CARTESIAN_POINT('Ctrl Pts',(50.9945259374757,5.05053165855535,2.48989104940833));
#1897=CARTESIAN_POINT('Ctrl Pts',(51.0184061253182,4.49510907855801,1.93446846941099));
#1898=CARTESIAN_POINT('Ctrl Pts',(51.0311165790559,4.25435578837402,1.58274124133848));
#1899=CARTESIAN_POINT('Ctrl Pts',(51.0490415136016,3.93505130967419,0.81197330130801));
#1900=CARTESIAN_POINT('Ctrl Pts',(51.054,3.85650547232147,0.392924440429983));
#1901=CARTESIAN_POINT('Ctrl Pts',(51.054,3.85650547232147,3.01841884819964E-15));
#1902=CARTESIAN_POINT('',(51.0346939573725,10.3185612462725,1.4100176124253));
#1903=CARTESIAN_POINT('Ctrl Pts',(51.0346939573725,10.3185612462725,1.4100176124253));
#1904=CARTESIAN_POINT('Ctrl Pts',(51.0280156521639,10.1814705830901,1.65384703949733));
#1905=CARTESIAN_POINT('Ctrl Pts',(51.0200871782681,10.0147027168087,1.87976297671726));
#1906=CARTESIAN_POINT('Ctrl Pts',(51.0045132387062,9.65280589282793,2.26437697366919));
#1907=CARTESIAN_POINT('Ctrl Pts',(50.9952631710264,9.42834843103816,2.46576665778079));
#1908=CARTESIAN_POINT('Ctrl Pts',(50.9743647826652,8.78572240079009,2.87156316497707));
#1909=CARTESIAN_POINT('Ctrl Pts',(50.9648918992994,8.39502310620962,3.02950111545401));
#1910=CARTESIAN_POINT('Ctrl Pts',(50.9541210180914,7.56574359528239,3.20713499338623));
#1911=CARTESIAN_POINT('Ctrl Pts',(50.9540739505187,7.20191856127571,3.2066856485964));
#1912=CARTESIAN_POINT('Ctrl Pts',(50.9570883334884,6.59362800072153,3.15805108077812));
#1913=CARTESIAN_POINT('Ctrl Pts',(50.962166668959,6.25160358608206,3.07700125179892));
#1914=CARTESIAN_POINT('Ctrl Pts',(50.969738910307,5.92873975623058,2.94479070684939));
#1915=CARTESIAN_POINT('Ctrl Pts',(51.054,10.6044999999999,-8.88178419700125E-15));
#1916=CARTESIAN_POINT('Ctrl Pts',(51.054,10.6044999999999,0.454633113450875));
#1917=CARTESIAN_POINT('Ctrl Pts',(51.0473620791208,10.5136107953917,0.939467685277644));
#1918=CARTESIAN_POINT('Ctrl Pts',(51.0351424108824,10.3254813707949,1.3935724042724));
#1919=CARTESIAN_POINT('Ctrl Pts',(51.0349189902594,10.3220364634128,1.40180150996015));
#1920=CARTESIAN_POINT('Ctrl Pts',(51.0346939573725,10.3185612462725,1.4100176124253));
#1921=CARTESIAN_POINT('Origin',(-0.446000000000012,18.8,6.18949336228541E-18));
#1922=CARTESIAN_POINT('Origin',(-0.446000000000012,0.,6.18949336228542E-18));
#1923=CARTESIAN_POINT('Origin',(-0.446000000000012,18.8,6.18949336228541E-18));
#1924=CARTESIAN_POINT('Origin',(-0.446000000000012,0.,6.18949336228542E-18));
#1925=CARTESIAN_POINT('Origin',(46.4978749987612,6.98500000000001,-8.49532290896165E-15));
#1926=CARTESIAN_POINT('',(51.3379458720776,10.0152030642202,-0.778040743644747));
#1927=CARTESIAN_POINT('Ctrl Pts',(51.017386122764,4.53192249808292,-1.94162014289681));
#1928=CARTESIAN_POINT('Ctrl Pts',(51.0256511460406,4.64452590981848,-2.08388530067144));
#1929=CARTESIAN_POINT('Ctrl Pts',(51.0335892844755,4.77282030457352,-2.21217969542649));
#1930=CARTESIAN_POINT('Ctrl Pts',(51.0902857130469,5.68913513682555,-3.12849452767852));
#1931=CARTESIAN_POINT('Ctrl Pts',(51.1469821416183,6.985,-3.12849452767852));
#1932=CARTESIAN_POINT('Ctrl Pts',(51.2036785701898,8.28086486317445,-3.12849452767852));
#1933=CARTESIAN_POINT('Ctrl Pts',(51.2603749987612,9.19717969542648,-2.21217969542649));
#1934=CARTESIAN_POINT('Ctrl Pts',(51.2978201954432,9.80236047984006,-1.6069989110129));
#1935=CARTESIAN_POINT('Ctrl Pts',(51.3379458718958,10.015203064315,-0.77804074366107));
#1936=CARTESIAN_POINT('',(51.5647317772038,10.0152030178703,-0.778040699364166));
#1937=CARTESIAN_POINT('',(51.3379462541082,10.0152030642,-0.778040743983254));
#1938=CARTESIAN_POINT('Ctrl Pts',(50.9697389102522,5.92873975732103,2.94479070724052));
#1939=CARTESIAN_POINT('Ctrl Pts',(50.9734867725775,5.85415863428298,2.91803937481959));
#1940=CARTESIAN_POINT('Ctrl Pts',(50.977244966802,5.78052682323082,2.88842608895615));
#1941=CARTESIAN_POINT('Ctrl Pts',(50.9809972346486,5.70816421336045,2.85607569641824));
#1942=CARTESIAN_POINT('Ctrl Pts',(50.9847519538321,5.63575432937521,2.82370416953794));
#1943=CARTESIAN_POINT('Ctrl Pts',(50.988500707665,5.56461589580569,2.78859225635035));
#1944=CARTESIAN_POINT('Ctrl Pts',(50.9922273769566,5.49504616726627,2.75091177358279));
#1945=CARTESIAN_POINT('Ctrl Pts',(50.9959711740809,5.42515669512299,2.71305811070359));
#1946=CARTESIAN_POINT('Ctrl Pts',(50.9996926526093,5.35685091410368,2.67261261368915));
#1947=CARTESIAN_POINT('Ctrl Pts',(51.0033761100258,5.29039820777738,2.62979139391516));
#1948=CARTESIAN_POINT('Ctrl Pts',(51.0070712219105,5.22373524492554,2.58683468769695));
#1949=CARTESIAN_POINT('Ctrl Pts',(51.0107280439519,5.15893752123267,2.54148771963821));
#1950=CARTESIAN_POINT('Ctrl Pts',(51.0143318077337,5.09623766922645,2.49400378258839));
#1951=CARTESIAN_POINT('Ctrl Pts',(51.0179654112769,5.03301865205242,2.44612667066882));
#1952=CARTESIAN_POINT('Ctrl Pts',(51.021545049184,4.97193272440578,2.39607763517646));
#1953=CARTESIAN_POINT('Ctrl Pts',(51.0250570855268,4.91317267504539,2.34414366993275));
#1954=CARTESIAN_POINT('Ctrl Pts',(51.0279492038188,4.86478450447695,2.30137669482191));
#1955=CARTESIAN_POINT('Ctrl Pts',(51.0307955030725,4.81797276659205,2.257332157445));
#1956=CARTESIAN_POINT('Ctrl Pts',(51.0335892844755,4.77282030457352,2.21217969542647));
#1957=CARTESIAN_POINT('Ctrl Pts',(51.0369876069756,4.71789738632089,2.15725677717385));
#1958=CARTESIAN_POINT('Ctrl Pts',(51.0404636860998,4.66461416721954,2.09987745240814));
#1959=CARTESIAN_POINT('Ctrl Pts',(51.0440052968763,4.61327459456171,2.04019523843012));
#1960=CARTESIAN_POINT('Ctrl Pts',(51.0475224830373,4.5622890837693,1.98092462110006));
#1961=CARTESIAN_POINT('Ctrl Pts',(51.051104280124,4.51322111894047,1.91938297004062));
#1962=CARTESIAN_POINT('Ctrl Pts',(51.0547369800249,4.4663491408541,1.85576826663191));
#1963=CARTESIAN_POINT('Ctrl Pts',(51.0585241622734,4.41748390887581,1.78944831671281));
#1964=CARTESIAN_POINT('Ctrl Pts',(51.0623666523273,4.37100632639703,1.7208752437731));
#1965=CARTESIAN_POINT('Ctrl Pts',(51.0662472847834,4.3271987786789,1.65032441588266));
#1966=CARTESIAN_POINT('Ctrl Pts',(51.0699335535134,4.28558535738295,1.58330716710459));
#1967=CARTESIAN_POINT('Ctrl Pts',(51.0736542013529,4.24638143098094,1.51450609709093));
#1968=CARTESIAN_POINT('Ctrl Pts',(51.0773935161822,4.20979226963965,1.44419529948777));
#1969=CARTESIAN_POINT('Ctrl Pts',(51.081127378821,4.17325645793286,1.37398702009533));
#1970=CARTESIAN_POINT('Ctrl Pts',(51.084879823797,4.13932818205233,1.30227394239738));
#1971=CARTESIAN_POINT('Ctrl Pts',(51.0886346765193,4.10816925721077,1.22935873001217));
#1972=CARTESIAN_POINT('Ctrl Pts',(51.0923892990462,4.077012242602,1.15644798777571));
#1973=CARTESIAN_POINT('Ctrl Pts',(51.0961462977556,4.04862451205631,1.0823358600206));
#1974=CARTESIAN_POINT('Ctrl Pts',(51.099889432333,4.02312026402176,1.00734623606576));
#1975=CARTESIAN_POINT('Ctrl Pts',(51.1036375725517,3.99758190951417,0.932256329538996));
#1976=CARTESIAN_POINT('Ctrl Pts',(51.1073717807021,3.97493489634346,0.85628722434669));
#1977=CARTESIAN_POINT('Ctrl Pts',(51.1110761503796,3.95524302668761,0.779776052709587));
#1978=CARTESIAN_POINT('Ctrl Pts',(51.1147996671699,3.9354493738726,0.702869410815123));
#1979=CARTESIAN_POINT('Ctrl Pts',(51.1184930066767,3.9186415179064,0.625415749370817));
#1980=CARTESIAN_POINT('Ctrl Pts',(51.1221408748449,3.90483159178231,0.547759606699947));
#1981=CARTESIAN_POINT('Ctrl Pts',(51.125802320758,3.89097026367626,0.469814419785919));
#1982=CARTESIAN_POINT('Ctrl Pts',(51.129417930245,3.88012908664322,0.391665891818821));
#1983=CARTESIAN_POINT('Ctrl Pts',(51.1329735222352,3.87226827619348,0.313654627453299));
#1984=CARTESIAN_POINT('Ctrl Pts',(51.1365569458904,3.864345934656,0.235032724021629));
#1985=CARTESIAN_POINT('Ctrl Pts',(51.1400793863256,3.85945055332384,0.156550857240306));
#1986=CARTESIAN_POINT('Ctrl Pts',(51.1435279979082,3.85749149465917,0.0785401727470381));
#1987=CARTESIAN_POINT('Ctrl Pts',(51.1446878619051,3.85683260873981,0.0523030097160547));
#1988=CARTESIAN_POINT('Ctrl Pts',(51.1458393899769,3.85650547232149,0.0261189591090113));
#1989=CARTESIAN_POINT('Ctrl Pts',(51.1469821416183,3.85650547232149,-7.99360577730113E-15));
#1990=CARTESIAN_POINT('Ctrl Pts',(51.1503804641185,3.85650547232149,-0.0776727358778001));
#1991=CARTESIAN_POINT('Ctrl Pts',(51.1538565432427,3.8594018564132,-0.155922971069359));
#1992=CARTESIAN_POINT('Ctrl Pts',(51.1573981540191,3.86530099466368,-0.234427229258833));
#1993=CARTESIAN_POINT('Ctrl Pts',(51.1609153401802,3.87115944967938,-0.312390085122802));
#1994=CARTESIAN_POINT('Ctrl Pts',(51.164497137267,3.87997967779961,-0.390602894583065));
#1995=CARTESIAN_POINT('Ctrl Pts',(51.1681298371679,3.89181857241084,-0.468728776300227));
#1996=CARTESIAN_POINT('Ctrl Pts',(51.1719170194164,3.90416092183055,-0.550176999511948));
#1997=CARTESIAN_POINT('Ctrl Pts',(51.1757595094703,3.91978479296917,-0.63153009813819));
#1998=CARTESIAN_POINT('Ctrl Pts',(51.1796401419264,3.93869514773022,-0.712393681016353));
#1999=CARTESIAN_POINT('Ctrl Pts',(51.1833264106564,3.95665836641105,-0.789207164470788));
#2000=CARTESIAN_POINT('Ctrl Pts',(51.1870470584959,3.97758670736274,-0.865578229838554));
#2001=CARTESIAN_POINT('Ctrl Pts',(51.1907863733252,4.0014315050364,-0.941167915716971));
#2002=CARTESIAN_POINT('Ctrl Pts',(51.194520235964,4.02524153527625,-1.01664738638469));
#2003=CARTESIAN_POINT('Ctrl Pts',(51.19827268094,4.05195942486719,-1.09134710387366));
#2004=CARTESIAN_POINT('Ctrl Pts',(51.2020275336624,4.08148557894651,-1.1649386320527));
#2005=CARTESIAN_POINT('Ctrl Pts',(51.2057821561893,4.11100992289223,-1.23852564862156));
#2006=CARTESIAN_POINT('Ctrl Pts',(51.2095391548987,4.14334195422512,-1.31100399349739));
#2007=CARTESIAN_POINT('Ctrl Pts',(51.2132822894761,4.1783333991084,-1.38206389184944));
#2008=CARTESIAN_POINT('Ctrl Pts',(51.2170304296949,4.21337163755945,-1.45321881760548));
#2009=CARTESIAN_POINT('Ctrl Pts',(51.2207646378452,4.25107605041494,-1.52295094363391));
#2010=CARTESIAN_POINT('Ctrl Pts',(51.2244690075227,4.2912533641481,-1.59097676650257));
#2011=CARTESIAN_POINT('Ctrl Pts',(51.228192524313,4.3316383460201,-1.6593542006343));
#2012=CARTESIAN_POINT('Ctrl Pts',(51.2318858638198,4.37452140632426,-1.72600715880011));
#2013=CARTESIAN_POINT('Ctrl Pts',(51.235533731988,4.41966749899768,-1.79068343629341));
#2014=CARTESIAN_POINT('Ctrl Pts',(51.2391951779011,4.46498163012599,-1.85560044562185));
#2015=CARTESIAN_POINT('Ctrl Pts',(51.2428107873882,4.51257511439575,-1.91852566948379));
#2016=CARTESIAN_POINT('Ctrl Pts',(51.2463663793784,4.56217897606358,-1.97924639590075));
#2017=CARTESIAN_POINT('Ctrl Pts',(51.2499498030336,4.61217111570634,-2.04044241839138));
#2018=CARTESIAN_POINT('Ctrl Pts',(51.2534722434688,4.66420461857163,-2.09939903592938));
#2019=CARTESIAN_POINT('Ctrl Pts',(51.2569208550514,4.71798123891579,-2.15594618360631));
#2020=CARTESIAN_POINT('Ctrl Pts',(51.2580807190482,4.73606781211056,-2.1749645622041));
#2021=CARTESIAN_POINT('Ctrl Pts',(51.2592322471199,4.754351411472,-2.19371080232497));
#2022=CARTESIAN_POINT('Ctrl Pts',(51.2603749987612,4.77282030457352,-2.21217969542649));
#2023=CARTESIAN_POINT('Ctrl Pts',(51.2637733212613,4.82774322282614,-2.26710261367911));
#2024=CARTESIAN_POINT('Ctrl Pts',(51.2672494003856,4.88512254759184,-2.32038583278046));
#2025=CARTESIAN_POINT('Ctrl Pts',(51.270791011162,4.94480476156986,-2.37172540543829));
#2026=CARTESIAN_POINT('Ctrl Pts',(51.2743081973232,5.00407537890159,-2.42271091623214));
#2027=CARTESIAN_POINT('Ctrl Pts',(51.2778899944099,5.06561702996281,-2.47177888106229));
#2028=CARTESIAN_POINT('Ctrl Pts',(51.2815226943109,5.12923173337344,-2.51865085914985));
#2029=CARTESIAN_POINT('Ctrl Pts',(51.2853098765594,5.19555168329244,-2.56751609112785));
#2030=CARTESIAN_POINT('Ctrl Pts',(51.2891523666133,5.26412475623201,-2.61399367360634));
#2031=CARTESIAN_POINT('Ctrl Pts',(51.2930329990694,5.33467558412231,-2.6578012213242));
#2032=CARTESIAN_POINT('Ctrl Pts',(51.2967192677994,5.4016928329005,-2.69941464262005));
#2033=CARTESIAN_POINT('Ctrl Pts',(51.3004399156388,5.47049390291429,-2.73861856902196));
#2034=CARTESIAN_POINT('Ctrl Pts',(51.3041792304682,5.54080470051755,-2.77520773036312));
#2035=CARTESIAN_POINT('Ctrl Pts',(51.3079130931069,5.61101297991018,-2.81174354206984));
#2036=CARTESIAN_POINT('Ctrl Pts',(51.311665538083,5.68272605760833,-2.8456718179503));
#2037=CARTESIAN_POINT('Ctrl Pts',(51.3154203908054,5.75564126999373,-2.87683074279176));
#2038=CARTESIAN_POINT('Ctrl Pts',(51.3191750133323,5.82855201223096,-2.90798775740069));
#2039=CARTESIAN_POINT('Ctrl Pts',(51.3229320120417,5.90266413998684,-2.93637548794646));
#2040=CARTESIAN_POINT('Ctrl Pts',(51.3266751466192,5.97765376394248,-2.96187973598105));
#2041=CARTESIAN_POINT('Ctrl Pts',(51.3304232868378,6.05274367046805,-2.98741809048801));
#2042=CARTESIAN_POINT('Ctrl Pts',(51.3341574949881,6.12871277565916,-3.01006510365818));
#2043=CARTESIAN_POINT('Ctrl Pts',(51.3378618646655,6.20522394729501,-3.02975697331358));
#2044=CARTESIAN_POINT('Ctrl Pts',(51.3415853814558,6.28213058918964,-3.04955062612851));
#2045=CARTESIAN_POINT('Ctrl Pts',(51.3452787209627,6.35958425063411,-3.06635848209462));
#2046=CARTESIAN_POINT('Ctrl Pts',(51.3489265891309,6.43724039330513,-3.0801684082186));
#2047=CARTESIAN_POINT('Ctrl Pts',(51.352588035044,6.51518558022021,-3.0940297363247));
#2048=CARTESIAN_POINT('Ctrl Pts',(51.3562036445311,6.59333410818832,-3.10487091335772));
#2049=CARTESIAN_POINT('Ctrl Pts',(51.3597592365213,6.67134537255487,-3.11273172380735));
#2050=CARTESIAN_POINT('Ctrl Pts',(51.3633426601765,6.74996727598644,-3.12065406534461));
#2051=CARTESIAN_POINT('Ctrl Pts',(51.3668651006117,6.82844914276768,-3.12554944667657));
#2052=CARTESIAN_POINT('Ctrl Pts',(51.3703137121942,6.90645982726083,-3.12750850534104));
#2053=CARTESIAN_POINT('Ctrl Pts',(51.3714735761911,6.93269699028918,-3.12816739126027));
#2054=CARTESIAN_POINT('Ctrl Pts',(51.3726251042627,6.95888104089359,-3.12849452767852));
#2055=CARTESIAN_POINT('Ctrl Pts',(51.373767855904,6.985,-3.12849452767852));
#2056=CARTESIAN_POINT('Ctrl Pts',(51.3771661784042,7.06267273587809,-3.12849452767852));
#2057=CARTESIAN_POINT('Ctrl Pts',(51.3806422575284,7.14092297106996,-3.12559814358679));
#2058=CARTESIAN_POINT('Ctrl Pts',(51.3841838683049,7.21942722925974,-3.11969900533626));
#2059=CARTESIAN_POINT('Ctrl Pts',(51.387701054466,7.2973900851239,-3.11384055032052));
#2060=CARTESIAN_POINT('Ctrl Pts',(51.3912828515527,7.37560289458434,-3.10502032220024));
#2061=CARTESIAN_POINT('Ctrl Pts',(51.3949155514536,7.45372877630169,-3.09318142758894));
#2062=CARTESIAN_POINT('Ctrl Pts',(51.3987027337022,7.53517699951335,-3.0808390781692));
#2063=CARTESIAN_POINT('Ctrl Pts',(51.4025452237561,7.61653009813951,-3.06521520703056));
#2064=CARTESIAN_POINT('Ctrl Pts',(51.4064258562122,7.69739368101761,-3.04630485226949));
#2065=CARTESIAN_POINT('Ctrl Pts',(51.4101121249422,7.77420716447203,-3.02834163358863));
#2066=CARTESIAN_POINT('Ctrl Pts',(51.4138327727816,7.8505782298398,-3.0074132926369));
#2067=CARTESIAN_POINT('Ctrl Pts',(51.417572087611,7.92616791571818,-2.98356849496323));
#2068=CARTESIAN_POINT('Ctrl Pts',(51.4213059502498,8.00164738638581,-2.95975846472337));
#2069=CARTESIAN_POINT('Ctrl Pts',(51.4250583952258,8.07634710387467,-2.93304057513244));
#2070=CARTESIAN_POINT('Ctrl Pts',(51.4288132479481,8.14993863205362,-2.90351442105313));
#2071=CARTESIAN_POINT('Ctrl Pts',(51.432567870475,8.22352564862181,-2.87399007710764));
#2072=CARTESIAN_POINT('Ctrl Pts',(51.4363248691844,8.29600399349699,-2.84165804577505));
#2073=CARTESIAN_POINT('Ctrl Pts',(51.4400680037618,8.36706389184842,-2.8066666008921));
#2074=CARTESIAN_POINT('Ctrl Pts',(51.4438161439805,8.43821881760359,-2.77162836244151));
#2075=CARTESIAN_POINT('Ctrl Pts',(51.4475503521308,8.50795094363122,-2.73392394958653));
#2076=CARTESIAN_POINT('Ctrl Pts',(51.4512547218082,8.57597676649911,-2.69374663585395));
#2077=CARTESIAN_POINT('Ctrl Pts',(51.4549782385985,8.64435420063102,-2.65336165398196));
#2078=CARTESIAN_POINT('Ctrl Pts',(51.4586715781053,8.71100715879705,-2.61047859367777));
#2079=CARTESIAN_POINT('Ctrl Pts',(51.4623194462735,8.77568343629052,-2.56533250100434));
#2080=CARTESIAN_POINT('Ctrl Pts',(51.4659808921866,8.84060044561841,-2.52001836987652));
#2081=CARTESIAN_POINT('Ctrl Pts',(51.4695965016737,8.90352566947985,-2.47242488560728));
#2082=CARTESIAN_POINT('Ctrl Pts',(51.4731520936639,8.96424639589635,-2.42282102394001));
#2083=CARTESIAN_POINT('Ctrl Pts',(51.476735517319,9.02544241838668,-2.37282888429768));
#2084=CARTESIAN_POINT('Ctrl Pts',(51.4802579577542,9.08439903592436,-2.32079538143289));
#2085=CARTESIAN_POINT('Ctrl Pts',(51.4837065693368,9.14094618360106,-2.2670187610892));
#2086=CARTESIAN_POINT('Ctrl Pts',(51.4848664333337,9.15996456220064,-2.2489321878928));
#2087=CARTESIAN_POINT('Ctrl Pts',(51.4860179614055,9.17871080232328,-2.23064858852969));
#2088=CARTESIAN_POINT('Ctrl Pts',(51.4871607130469,9.19717969542648,-2.21217969542648));
#2089=CARTESIAN_POINT('Ctrl Pts',(51.4905540226617,9.25202159656139,-2.15733779429158));
#2090=CARTESIAN_POINT('Ctrl Pts',(51.4940248610103,9.30522866501155,-2.10004671110504));
#2091=CARTESIAN_POINT('Ctrl Pts',(51.4975610579003,9.3564982681239,-2.04045925565784));
#2092=CARTESIAN_POINT('Ctrl Pts',(51.5010751210904,9.40744696545801,-1.9812447689407));
#2093=CARTESIAN_POINT('Ctrl Pts',(51.5046537075209,9.45648176076574,-1.91976276201272));
#2094=CARTESIAN_POINT('Ctrl Pts',(51.5082831455845,9.50332484978067,-1.85621064556035));
#2095=CARTESIAN_POINT('Ctrl Pts',(51.5118949174353,9.54993993105395,-1.79296786768607));
#2096=CARTESIAN_POINT('Ctrl Pts',(51.5155570227885,9.59438402374965,-1.72767540434526));
#2097=CARTESIAN_POINT('Ctrl Pts',(51.519254599868,9.63641125556578,-1.66057109560943));
#2098=CARTESIAN_POINT('Ctrl Pts',(51.5229883684161,9.67884984520057,-1.59280997744621));
#2099=CARTESIAN_POINT('Ctrl Pts',(51.5267582795299,9.71882343426444,-1.52320174093378));
#2100=CARTESIAN_POINT('Ctrl Pts',(51.5305479934003,9.75611628490777,-1.45203049046271));
#2101=CARTESIAN_POINT('Ctrl Pts',(51.5342803236121,9.79284444906439,-1.38193691152088));
#2102=CARTESIAN_POINT('Ctrl Pts',(51.5380318293319,9.82697213870122,-1.31032790153267));
#2103=CARTESIAN_POINT('Ctrl Pts',(51.5417863484072,9.85833586924933,-1.23750514835275));
#2104=CARTESIAN_POINT('Ctrl Pts',(51.5456274546929,9.89042291425733,-1.16300294730543));
#2105=CARTESIAN_POINT('Ctrl Pts',(51.5494716813961,9.91961655123045,-1.08723093652273));
#2106=CARTESIAN_POINT('Ctrl Pts',(51.5533016324978,9.94579313644701,-1.01053550797717));
#2107=CARTESIAN_POINT('Ctrl Pts',(51.5571315835995,9.97196972166357,-0.9338400794316));
#2108=CARTESIAN_POINT('Ctrl Pts',(51.5609472247756,9.99512910740944,-0.856221956453857));
#2109=CARTESIAN_POINT('Ctrl Pts',(51.5647315880673,10.0152030743078,-0.778040704699977));
#2110=CARTESIAN_POINT('Ctrl Pts',(46.3844821416183,3.85650547232149,-8.25818513011994E-15));
#2111=CARTESIAN_POINT('Ctrl Pts',(46.4411785701898,3.85650547232149,-1.29586486317446));
#2112=CARTESIAN_POINT('Ctrl Pts',(46.4978749987612,4.77282030457352,-2.21217969542649));
#2113=CARTESIAN_POINT('Ctrl Pts',(46.5545714273326,5.68913513682555,-3.12849452767852));
#2114=CARTESIAN_POINT('Ctrl Pts',(46.6112678559041,6.985,-3.12849452767852));
#2115=CARTESIAN_POINT('Ctrl Pts',(46.6679642844755,8.28086486317445,-3.12849452767852));
#2116=CARTESIAN_POINT('Ctrl Pts',(46.7246607130469,9.19717969542648,-2.21217969542649));
#2117=CARTESIAN_POINT('Ctrl Pts',(46.7813571416184,10.1134945276785,-1.29586486317446));
#2118=CARTESIAN_POINT('Ctrl Pts',(46.8380535701898,10.1134945276785,-8.61027620676865E-15));
#2119=CARTESIAN_POINT('Ctrl Pts',(46.8947499987612,10.1134945276785,1.29586486317444));
#2120=CARTESIAN_POINT('Ctrl Pts',(46.9514464273326,9.19717969542648,2.21217969542647));
#2121=CARTESIAN_POINT('Ctrl Pts',(47.0081428559041,8.28086486317445,3.1284945276785));
#2122=CARTESIAN_POINT('Ctrl Pts',(47.0648392844755,6.985,3.1284945276785));
#2123=CARTESIAN_POINT('Ctrl Pts',(47.1215357130469,5.68913513682555,3.1284945276785));
#2124=CARTESIAN_POINT('Ctrl Pts',(47.1782321416183,4.77282030457352,2.21217969542647));
#2125=CARTESIAN_POINT('Ctrl Pts',(47.2349285701898,3.85650547232149,1.29586486317444));
#2126=CARTESIAN_POINT('Ctrl Pts',(47.2916249987612,3.85650547232149,-8.26303689383107E-15));
#2127=CARTESIAN_POINT('Ctrl Pts',(47.3483214273326,3.85650547232149,-1.29586486317446));
#2128=CARTESIAN_POINT('Ctrl Pts',(47.405017855904,4.77282030457352,-2.21217969542649));
#2129=CARTESIAN_POINT('Ctrl Pts',(47.4617142844755,5.68913513682555,-3.12849452767852));
#2130=CARTESIAN_POINT('Ctrl Pts',(47.5184107130469,6.985,-3.12849452767852));
#2131=CARTESIAN_POINT('Ctrl Pts',(47.5751071416183,8.28086486317445,-3.12849452767852));
#2132=CARTESIAN_POINT('Ctrl Pts',(47.6318035701898,9.19717969542648,-2.21217969542649));
#2133=CARTESIAN_POINT('Ctrl Pts',(47.6884999987612,10.1134945276785,-1.29586486317446));
#2134=CARTESIAN_POINT('Ctrl Pts',(47.7451964273326,10.1134945276785,-8.61512797047978E-15));
#2135=CARTESIAN_POINT('Ctrl Pts',(47.8018928559041,10.1134945276785,1.29586486317444));
#2136=CARTESIAN_POINT('Ctrl Pts',(47.8585892844755,9.19717969542648,2.21217969542647));
#2137=CARTESIAN_POINT('Ctrl Pts',(47.9152857130469,8.28086486317445,3.1284945276785));
#2138=CARTESIAN_POINT('Ctrl Pts',(47.9719821416183,6.985,3.1284945276785));
#2139=CARTESIAN_POINT('Ctrl Pts',(48.0286785701898,5.68913513682555,3.1284945276785));
#2140=CARTESIAN_POINT('Ctrl Pts',(48.0853749987612,4.77282030457352,2.21217969542647));
#2141=CARTESIAN_POINT('Ctrl Pts',(48.1420714273326,3.85650547232149,1.29586486317444));
#2142=CARTESIAN_POINT('Ctrl Pts',(48.1987678559041,3.85650547232149,-8.2678886575422E-15));
#2143=CARTESIAN_POINT('Ctrl Pts',(48.2554642844755,3.85650547232149,-1.29586486317446));
#2144=CARTESIAN_POINT('Ctrl Pts',(48.3121607130469,4.77282030457352,-2.21217969542649));
#2145=CARTESIAN_POINT('Ctrl Pts',(48.3688571416183,5.68913513682555,-3.12849452767852));
#2146=CARTESIAN_POINT('Ctrl Pts',(48.4255535701898,6.985,-3.12849452767852));
#2147=CARTESIAN_POINT('Ctrl Pts',(48.4822499987612,8.28086486317445,-3.12849452767852));
#2148=CARTESIAN_POINT('Ctrl Pts',(48.5389464273326,9.19717969542648,-2.21217969542649));
#2149=CARTESIAN_POINT('Ctrl Pts',(48.5956428559041,10.1134945276785,-1.29586486317446));
#2150=CARTESIAN_POINT('Ctrl Pts',(48.6523392844755,10.1134945276785,-8.6199797341909E-15));
#2151=CARTESIAN_POINT('Ctrl Pts',(48.7090357130469,10.1134945276785,1.29586486317444));
#2152=CARTESIAN_POINT('Ctrl Pts',(48.7657321416183,9.19717969542648,2.21217969542647));
#2153=CARTESIAN_POINT('Ctrl Pts',(48.8224285701898,8.28086486317445,3.1284945276785));
#2154=CARTESIAN_POINT('Ctrl Pts',(48.8791249987612,6.985,3.1284945276785));
#2155=CARTESIAN_POINT('Ctrl Pts',(48.9358214273326,5.68913513682555,3.1284945276785));
#2156=CARTESIAN_POINT('Ctrl Pts',(48.9925178559041,4.77282030457352,2.21217969542647));
#2157=CARTESIAN_POINT('Ctrl Pts',(49.0492142844755,3.85650547232149,1.29586486317444));
#2158=CARTESIAN_POINT('Ctrl Pts',(49.1059107130469,3.85650547232149,-8.27274042125332E-15));
#2159=CARTESIAN_POINT('Ctrl Pts',(49.1626071416184,3.85650547232149,-1.29586486317446));
#2160=CARTESIAN_POINT('Ctrl Pts',(49.2193035701898,4.77282030457352,-2.21217969542649));
#2161=CARTESIAN_POINT('Ctrl Pts',(49.2759999987612,5.68913513682555,-3.12849452767852));
#2162=CARTESIAN_POINT('Ctrl Pts',(49.3326964273326,6.985,-3.12849452767852));
#2163=CARTESIAN_POINT('Ctrl Pts',(49.3893928559041,8.28086486317445,-3.12849452767852));
#2164=CARTESIAN_POINT('Ctrl Pts',(49.4460892844755,9.19717969542648,-2.21217969542649));
#2165=CARTESIAN_POINT('Ctrl Pts',(49.5027857130469,10.1134945276785,-1.29586486317446));
#2166=CARTESIAN_POINT('Ctrl Pts',(49.5594821416183,10.1134945276785,-8.62483149790203E-15));
#2167=CARTESIAN_POINT('Ctrl Pts',(49.6161785701898,10.1134945276785,1.29586486317444));
#2168=CARTESIAN_POINT('Ctrl Pts',(49.6728749987612,9.19717969542648,2.21217969542647));
#2169=CARTESIAN_POINT('Ctrl Pts',(49.7295714273326,8.28086486317445,3.1284945276785));
#2170=CARTESIAN_POINT('Ctrl Pts',(49.7862678559041,6.985,3.1284945276785));
#2171=CARTESIAN_POINT('Ctrl Pts',(49.8429642844755,5.68913513682555,3.1284945276785));
#2172=CARTESIAN_POINT('Ctrl Pts',(49.8996607130469,4.77282030457352,2.21217969542647));
#2173=CARTESIAN_POINT('Ctrl Pts',(49.9563571416183,3.85650547232149,1.29586486317444));
#2174=CARTESIAN_POINT('Ctrl Pts',(50.0130535701898,3.85650547232149,-8.27759218496445E-15));
#2175=CARTESIAN_POINT('Ctrl Pts',(50.0697499987612,3.85650547232149,-1.29586486317446));
#2176=CARTESIAN_POINT('Ctrl Pts',(50.1264464273326,4.77282030457352,-2.21217969542649));
#2177=CARTESIAN_POINT('Ctrl Pts',(50.1831428559041,5.68913513682555,-3.12849452767852));
#2178=CARTESIAN_POINT('Ctrl Pts',(50.2398392844755,6.985,-3.12849452767852));
#2179=CARTESIAN_POINT('Ctrl Pts',(50.2965357130469,8.28086486317445,-3.12849452767852));
#2180=CARTESIAN_POINT('Ctrl Pts',(50.3532321416183,9.19717969542648,-2.21217969542649));
#2181=CARTESIAN_POINT('Ctrl Pts',(50.4099285701898,10.1134945276785,-1.29586486317446));
#2182=CARTESIAN_POINT('Ctrl Pts',(50.4666249987612,10.1134945276785,-8.62968326161316E-15));
#2183=CARTESIAN_POINT('Ctrl Pts',(50.5233214273326,10.1134945276785,1.29586486317444));
#2184=CARTESIAN_POINT('Ctrl Pts',(50.5800178559041,9.19717969542648,2.21217969542647));
#2185=CARTESIAN_POINT('Ctrl Pts',(50.6367142844755,8.28086486317445,3.1284945276785));
#2186=CARTESIAN_POINT('Ctrl Pts',(50.6934107130469,6.985,3.1284945276785));
#2187=CARTESIAN_POINT('Ctrl Pts',(50.7501071416183,5.68913513682555,3.1284945276785));
#2188=CARTESIAN_POINT('Ctrl Pts',(50.8068035701898,4.77282030457352,2.21217969542647));
#2189=CARTESIAN_POINT('Ctrl Pts',(50.8634999987612,3.85650547232149,1.29586486317444));
#2190=CARTESIAN_POINT('Ctrl Pts',(50.9201964273326,3.85650547232149,-8.28244394867558E-15));
#2191=CARTESIAN_POINT('Ctrl Pts',(50.9768928559041,3.85650547232149,-1.29586486317446));
#2192=CARTESIAN_POINT('Ctrl Pts',(51.0335892844755,4.77282030457352,-2.21217969542649));
#2193=CARTESIAN_POINT('Ctrl Pts',(51.0902857130469,5.68913513682555,-3.12849452767852));
#2194=CARTESIAN_POINT('Ctrl Pts',(51.1469821416183,6.985,-3.12849452767852));
#2195=CARTESIAN_POINT('Ctrl Pts',(51.2036785701898,8.28086486317445,-3.12849452767852));
#2196=CARTESIAN_POINT('Ctrl Pts',(51.2603749987612,9.19717969542648,-2.21217969542649));
#2197=CARTESIAN_POINT('Ctrl Pts',(51.2978200037447,9.802357381652,-1.60700200920096));
#2198=CARTESIAN_POINT('Ctrl Pts',(51.3379458718798,10.01520306422,-0.778040743988441));
#2199=CARTESIAN_POINT('Ctrl Pts',(51.3633055990054,10.1497224822577,-0.254133537477348));
#2200=CARTESIAN_POINT('Ctrl Pts',(51.3886653261311,10.2842419002953,0.269773669033744));
#2201=CARTESIAN_POINT('Ctrl Pts',(46.101,3.36550000000007,-8.25929504809723E-15));
#2202=CARTESIAN_POINT('Ctrl Pts',(46.1576964285714,3.36550000000007,-1.4992459890094));
#2203=CARTESIAN_POINT('Ctrl Pts',(46.2143928571428,4.42562700549534,-2.55937299450467));
#2204=CARTESIAN_POINT('Ctrl Pts',(46.2710892857143,5.48575401099061,-3.61949999999994));
#2205=CARTESIAN_POINT('Ctrl Pts',(46.3277857142857,6.985,-3.61949999999994));
#2206=CARTESIAN_POINT('Ctrl Pts',(46.3844821428571,8.48424598900939,-3.61949999999994));
#2207=CARTESIAN_POINT('Ctrl Pts',(46.4411785714286,9.54437299450466,-2.55937299450467));
#2208=CARTESIAN_POINT('Ctrl Pts',(46.497875,10.6044999999999,-1.4992459890094));
#2209=CARTESIAN_POINT('Ctrl Pts',(46.5545714285714,10.6044999999999,-8.66626476448937E-15));
#2210=CARTESIAN_POINT('Ctrl Pts',(46.6112678571428,10.6044999999999,1.49924598900938));
#2211=CARTESIAN_POINT('Ctrl Pts',(46.6679642857143,9.54437299450466,2.55937299450466));
#2212=CARTESIAN_POINT('Ctrl Pts',(46.7246607142857,8.48424598900939,3.61949999999993));
#2213=CARTESIAN_POINT('Ctrl Pts',(46.7813571428571,6.985,3.61949999999993));
#2214=CARTESIAN_POINT('Ctrl Pts',(46.8380535714286,5.48575401099061,3.61949999999993));
#2215=CARTESIAN_POINT('Ctrl Pts',(46.89475,4.42562700549534,2.55937299450466));
#2216=CARTESIAN_POINT('Ctrl Pts',(46.9514464285714,3.36550000000007,1.49924598900939));
#2217=CARTESIAN_POINT('Ctrl Pts',(47.0081428571428,3.36550000000007,-8.26414681180836E-15));
#2218=CARTESIAN_POINT('Ctrl Pts',(47.0648392857143,3.36550000000007,-1.4992459890094));
#2219=CARTESIAN_POINT('Ctrl Pts',(47.1215357142857,4.42562700549534,-2.55937299450467));
#2220=CARTESIAN_POINT('Ctrl Pts',(47.1782321428571,5.48575401099061,-3.61949999999994));
#2221=CARTESIAN_POINT('Ctrl Pts',(47.2349285714286,6.985,-3.61949999999994));
#2222=CARTESIAN_POINT('Ctrl Pts',(47.291625,8.48424598900939,-3.61949999999994));
#2223=CARTESIAN_POINT('Ctrl Pts',(47.3483214285714,9.54437299450466,-2.55937299450467));
#2224=CARTESIAN_POINT('Ctrl Pts',(47.4050178571429,10.6044999999999,-1.4992459890094));
#2225=CARTESIAN_POINT('Ctrl Pts',(47.4617142857143,10.6044999999999,-8.6711165282005E-15));
#2226=CARTESIAN_POINT('Ctrl Pts',(47.5184107142857,10.6044999999999,1.49924598900938));
#2227=CARTESIAN_POINT('Ctrl Pts',(47.5751071428571,9.54437299450466,2.55937299450466));
#2228=CARTESIAN_POINT('Ctrl Pts',(47.6318035714286,8.48424598900939,3.61949999999993));
#2229=CARTESIAN_POINT('Ctrl Pts',(47.6885,6.985,3.61949999999993));
#2230=CARTESIAN_POINT('Ctrl Pts',(47.7451964285714,5.48575401099061,3.61949999999993));
#2231=CARTESIAN_POINT('Ctrl Pts',(47.8018928571428,4.42562700549534,2.55937299450466));
#2232=CARTESIAN_POINT('Ctrl Pts',(47.8585892857143,3.36550000000007,1.49924598900939));
#2233=CARTESIAN_POINT('Ctrl Pts',(47.9152857142857,3.36550000000007,-8.26899857551949E-15));
#2234=CARTESIAN_POINT('Ctrl Pts',(47.9719821428571,3.36550000000007,-1.4992459890094));
#2235=CARTESIAN_POINT('Ctrl Pts',(48.0286785714286,4.42562700549534,-2.55937299450467));
#2236=CARTESIAN_POINT('Ctrl Pts',(48.085375,5.48575401099061,-3.61949999999994));
#2237=CARTESIAN_POINT('Ctrl Pts',(48.1420714285714,6.985,-3.61949999999994));
#2238=CARTESIAN_POINT('Ctrl Pts',(48.1987678571429,8.48424598900939,-3.61949999999994));
#2239=CARTESIAN_POINT('Ctrl Pts',(48.2554642857143,9.54437299450466,-2.55937299450467));
#2240=CARTESIAN_POINT('Ctrl Pts',(48.3121607142857,10.6044999999999,-1.4992459890094));
#2241=CARTESIAN_POINT('Ctrl Pts',(48.3688571428571,10.6044999999999,-8.67596829191163E-15));
#2242=CARTESIAN_POINT('Ctrl Pts',(48.4255535714286,10.6044999999999,1.49924598900938));
#2243=CARTESIAN_POINT('Ctrl Pts',(48.48225,9.54437299450466,2.55937299450466));
#2244=CARTESIAN_POINT('Ctrl Pts',(48.5389464285714,8.48424598900939,3.61949999999993));
#2245=CARTESIAN_POINT('Ctrl Pts',(48.5956428571428,6.985,3.61949999999993));
#2246=CARTESIAN_POINT('Ctrl Pts',(48.6523392857143,5.48575401099061,3.61949999999993));
#2247=CARTESIAN_POINT('Ctrl Pts',(48.7090357142857,4.42562700549534,2.55937299450466));
#2248=CARTESIAN_POINT('Ctrl Pts',(48.7657321428571,3.36550000000007,1.49924598900939));
#2249=CARTESIAN_POINT('Ctrl Pts',(48.8224285714286,3.36550000000007,-8.27385033923062E-15));
#2250=CARTESIAN_POINT('Ctrl Pts',(48.879125,3.36550000000007,-1.4992459890094));
#2251=CARTESIAN_POINT('Ctrl Pts',(48.9358214285714,4.42562700549534,-2.55937299450467));
#2252=CARTESIAN_POINT('Ctrl Pts',(48.9925178571429,5.48575401099061,-3.61949999999994));
#2253=CARTESIAN_POINT('Ctrl Pts',(49.0492142857143,6.985,-3.61949999999994));
#2254=CARTESIAN_POINT('Ctrl Pts',(49.1059107142857,8.48424598900939,-3.61949999999994));
#2255=CARTESIAN_POINT('Ctrl Pts',(49.1626071428571,9.54437299450466,-2.55937299450467));
#2256=CARTESIAN_POINT('Ctrl Pts',(49.2193035714286,10.6044999999999,-1.4992459890094));
#2257=CARTESIAN_POINT('Ctrl Pts',(49.276,10.6044999999999,-8.68082005562276E-15));
#2258=CARTESIAN_POINT('Ctrl Pts',(49.3326964285714,10.6044999999999,1.49924598900938));
#2259=CARTESIAN_POINT('Ctrl Pts',(49.3893928571428,9.54437299450466,2.55937299450466));
#2260=CARTESIAN_POINT('Ctrl Pts',(49.4460892857143,8.48424598900939,3.61949999999993));
#2261=CARTESIAN_POINT('Ctrl Pts',(49.5027857142857,6.985,3.61949999999993));
#2262=CARTESIAN_POINT('Ctrl Pts',(49.5594821428571,5.48575401099061,3.61949999999993));
#2263=CARTESIAN_POINT('Ctrl Pts',(49.6161785714286,4.42562700549534,2.55937299450466));
#2264=CARTESIAN_POINT('Ctrl Pts',(49.672875,3.36550000000007,1.49924598900939));
#2265=CARTESIAN_POINT('Ctrl Pts',(49.7295714285714,3.36550000000007,-8.27870210294175E-15));
#2266=CARTESIAN_POINT('Ctrl Pts',(49.7862678571428,3.36550000000007,-1.4992459890094));
#2267=CARTESIAN_POINT('Ctrl Pts',(49.8429642857143,4.42562700549534,-2.55937299450467));
#2268=CARTESIAN_POINT('Ctrl Pts',(49.8996607142857,5.48575401099061,-3.61949999999994));
#2269=CARTESIAN_POINT('Ctrl Pts',(49.9563571428571,6.985,-3.61949999999994));
#2270=CARTESIAN_POINT('Ctrl Pts',(50.0130535714286,8.48424598900939,-3.61949999999994));
#2271=CARTESIAN_POINT('Ctrl Pts',(50.06975,9.54437299450466,-2.55937299450467));
#2272=CARTESIAN_POINT('Ctrl Pts',(50.1264464285714,10.6044999999999,-1.4992459890094));
#2273=CARTESIAN_POINT('Ctrl Pts',(50.1831428571428,10.6044999999999,-8.68567181933389E-15));
#2274=CARTESIAN_POINT('Ctrl Pts',(50.2398392857143,10.6044999999999,1.49924598900938));
#2275=CARTESIAN_POINT('Ctrl Pts',(50.2965357142857,9.54437299450466,2.55937299450466));
#2276=CARTESIAN_POINT('Ctrl Pts',(50.3532321428571,8.48424598900939,3.61949999999993));
#2277=CARTESIAN_POINT('Ctrl Pts',(50.4099285714286,6.985,3.61949999999993));
#2278=CARTESIAN_POINT('Ctrl Pts',(50.466625,5.48575401099061,3.61949999999993));
#2279=CARTESIAN_POINT('Ctrl Pts',(50.5233214285714,4.42562700549534,2.55937299450466));
#2280=CARTESIAN_POINT('Ctrl Pts',(50.5800178571428,3.36550000000007,1.49924598900939));
#2281=CARTESIAN_POINT('Ctrl Pts',(50.6367142857143,3.36550000000007,-8.28355386665287E-15));
#2282=CARTESIAN_POINT('Ctrl Pts',(50.6934107142857,3.36550000000007,-1.4992459890094));
#2283=CARTESIAN_POINT('Ctrl Pts',(50.7501071428571,4.42562700549534,-2.55937299450467));
#2284=CARTESIAN_POINT('Ctrl Pts',(50.8068035714286,5.48575401099061,-3.61949999999994));
#2285=CARTESIAN_POINT('Ctrl Pts',(50.8635,6.985,-3.61949999999994));
#2286=CARTESIAN_POINT('Ctrl Pts',(50.9201964285714,8.48424598900939,-3.61949999999994));
#2287=CARTESIAN_POINT('Ctrl Pts',(50.9768928571428,9.54437299450466,-2.55937299450467));
#2288=CARTESIAN_POINT('Ctrl Pts',(51.0143378621263,10.2445310468567,-1.85921494215267));
#2289=CARTESIAN_POINT('Ctrl Pts',(51.0544637302615,10.4907820603198,-0.900151318134413));
#2290=CARTESIAN_POINT('Ctrl Pts',(51.0798234573871,10.6464137960572,-0.294018842213479));
#2291=CARTESIAN_POINT('Ctrl Pts',(51.1051831845127,10.8020455317945,0.312113633707454));
#2292=CARTESIAN_POINT('',(51.0542785353461,10.4896401431074,-0.904575502617752));
#2293=CARTESIAN_POINT('Ctrl Pts',(51.0379238751455,10.368075203388,-1.28669437638488));
#2294=CARTESIAN_POINT('Ctrl Pts',(51.0415441385703,10.3995298990011,-1.20399128642676));
#2295=CARTESIAN_POINT('Ctrl Pts',(51.0451561382661,10.4279099242747,-1.12023314735562));
#2296=CARTESIAN_POINT('Ctrl Pts',(51.0487454889149,10.4531358185426,-1.03576744211299));
#2297=CARTESIAN_POINT('Ctrl Pts',(51.0505342998565,10.4657075508958,-0.99367259195416));
#2298=CARTESIAN_POINT('Ctrl Pts',(51.0523174921702,10.4774966977163,-0.951402159844975));
#2299=CARTESIAN_POINT('Ctrl Pts',(51.0540933404308,10.488498225895,-0.908999687101091));
#2300=CARTESIAN_POINT('Ctrl Pts',(51.0544637302615,10.4907820603198,-0.900151318134413));
#2301=CARTESIAN_POINT('Ctrl Pts',(51.1016859311668,10.4115605376801,-0.879810248209995));
#2302=CARTESIAN_POINT('Ctrl Pts',(51.148908132074,10.332339015057,-0.85946917822584));
#2303=CARTESIAN_POINT('Ctrl Pts',(51.2434021793327,10.1738126829358,-0.818765653487949));
#2304=CARTESIAN_POINT('Ctrl Pts',(51.2906740256129,10.0945078735567,-0.79840319876473));
#2305=CARTESIAN_POINT('Ctrl Pts',(51.3379458719662,10.0152030640751,-0.778040743951242));
#2306=CARTESIAN_POINT('Origin',(63.0875432022328,6.985,-8.33078735454381E-15));
#2307=CARTESIAN_POINT('Origin',(51.054,6.985,-8.26642714075259E-15));
#2308=CARTESIAN_POINT('Origin',(51.054,6.98500000000007,-8.21955910330309E-15));
#2309=CARTESIAN_POINT('',(51.054,3.17393254835016E-31,6.18949336230169E-18));
#2310=CARTESIAN_POINT('',(51.054,1.97061597067265,4.2812707825565));
#2311=CARTESIAN_POINT('',(51.054,0.260929722659294,-1.67435033365631));
#2312=CARTESIAN_POINT('',(51.054,2.88444290892715,5.16321200901119));
#2313=CARTESIAN_POINT('Origin',(51.054,3.19131294655447,3.9308440525929));
#2314=CARTESIAN_POINT('',(51.054,8.18549724351037,6.48321934500677));
#2315=CARTESIAN_POINT('',(51.054,2.17293493754838,4.98604051018083));
#2316=CARTESIAN_POINT('',(51.054,9.40619421939219,6.13279261504316));
#2317=CARTESIAN_POINT('Origin',(51.054,8.49236728113769,5.25085138858847));
#2318=CARTESIAN_POINT('',(51.054,13.1998812728378,2.20194856245026));
#2319=CARTESIAN_POINT('',(51.054,8.89700521488915,6.66039084383713));
#2320=CARTESIAN_POINT('',(51.054,13.5067513104651,0.96958060603196));
#2321=CARTESIAN_POINT('Origin',(51.054,12.2860543345833,1.32000733599556));
#2322=CARTESIAN_POINT('',(51.054,13.7090702773408,1.67435033365629));
#2323=CARTESIAN_POINT('',(51.054,3.17393254835016E-31,6.18949336230169E-18));
#2324=CARTESIAN_POINT('',(51.0516592065877,10.1663840845885,1.73457442110328));
#2325=CARTESIAN_POINT('Origin',(51.054,6.985,-8.26642714075259E-15));
#2326=CARTESIAN_POINT('',(51.0540903894135,10.1038811567064,1.83636318495811));
#2327=CARTESIAN_POINT('Ctrl Pts',(51.0539999999999,10.1697392817621,1.73683459797847));
#2328=CARTESIAN_POINT('Ctrl Pts',(51.0539999999992,10.1590239127941,1.75357056050274));
#2329=CARTESIAN_POINT('Ctrl Pts',(51.0539999999945,10.1481718786833,1.77021865211366));
#2330=CARTESIAN_POINT('Ctrl Pts',(51.0539999999945,10.1261745440417,1.8033690810107));
#2331=CARTESIAN_POINT('Ctrl Pts',(51.0539999999999,10.1150290869497,1.81987047079233));
#2332=CARTESIAN_POINT('Ctrl Pts',(51.054,10.1037490092164,1.83627973082059));
#2333=CARTESIAN_POINT('Origin',(51.054,6.98499999999999,3.74963232727545E-15));
#2334=CARTESIAN_POINT('Origin',(65.3469805551456,6.985,-8.34287173140916E-15));
#2335=CARTESIAN_POINT('',(54.864,2.73049999999996,-8.30955932014452E-15));
#2336=CARTESIAN_POINT('Origin',(54.864,6.985,-8.28680454833933E-15));
#2337=CARTESIAN_POINT('',(53.594,2.73049999999996,-8.30276685094894E-15));
#2338=CARTESIAN_POINT('',(65.3469805551456,2.73049999999996,-8.8866524839116E-15));
#2339=CARTESIAN_POINT('Origin',(53.594,6.985,-8.28001207914375E-15));
#2340=CARTESIAN_POINT('Origin',(55.626,6.98500000000007,-8.29088002985668E-15));
#2341=CARTESIAN_POINT('',(55.626,4.2545,-4.72936473006683));
#2342=CARTESIAN_POINT('',(55.626,2.15900000000007,-3.51952724097997));
#2343=CARTESIAN_POINT('',(55.626,6.98500000000007,-6.3058196400891));
#2344=CARTESIAN_POINT('',(55.626,1.52400000000007,-2.41967497817373));
#2345=CARTESIAN_POINT('Origin',(55.626,2.79400000000007,-2.41967497817373));
#2346=CARTESIAN_POINT('',(55.626,1.52400000000007,-7.5689303480291E-15));
#2347=CARTESIAN_POINT('',(55.626,1.52400000000007,-3.15290982004455));
#2348=CARTESIAN_POINT('Origin',(55.626,6.985,-8.29088002985668E-15));
#2349=CARTESIAN_POINT('Origin',(55.626,6.98500000000007,-8.29088002985668E-15));
#2350=CARTESIAN_POINT('',(55.626,9.7155,-4.72936473006683));
#2351=CARTESIAN_POINT('',(55.626,7.62000000000007,-5.93920221915369));
#2352=CARTESIAN_POINT('',(55.626,12.4460000000001,-3.15290982004456));
#2353=CARTESIAN_POINT('',(55.626,6.35000000000007,-5.93920221915369));
#2354=CARTESIAN_POINT('Origin',(55.626,6.98500000000007,-4.83934995634745));
#2355=CARTESIAN_POINT('',(55.626,6.98500000000007,-6.3058196400891));
#2356=CARTESIAN_POINT('Origin',(55.626,6.985,-8.29088002985668E-15));
#2357=CARTESIAN_POINT('Origin',(55.626,6.98500000000007,-8.29088002985668E-15));
#2358=CARTESIAN_POINT('',(55.626,12.446,-8.26167241231568E-15));
#2359=CARTESIAN_POINT('',(55.626,12.4460000000001,-2.41967497817373));
#2360=CARTESIAN_POINT('',(55.626,12.4460000000001,3.15290982004454));
#2361=CARTESIAN_POINT('',(55.626,11.8110000000001,-3.51952724097997));
#2362=CARTESIAN_POINT('Origin',(55.626,11.1760000000001,-2.41967497817373));
#2363=CARTESIAN_POINT('',(55.626,12.4460000000001,-3.15290982004456));
#2364=CARTESIAN_POINT('Origin',(55.626,6.985,-8.29088002985668E-15));
#2365=CARTESIAN_POINT('Origin',(55.626,6.98500000000007,-8.29088002985668E-15));
#2366=CARTESIAN_POINT('',(55.626,9.7155,4.72936473006681));
#2367=CARTESIAN_POINT('',(55.626,11.8110000000001,3.51952724097995));
#2368=CARTESIAN_POINT('',(55.626,6.98500000000007,6.30581964008909));
#2369=CARTESIAN_POINT('',(55.626,12.4460000000001,2.41967497817371));
#2370=CARTESIAN_POINT('Origin',(55.626,11.1760000000001,2.41967497817371));
#2371=CARTESIAN_POINT('',(55.626,12.4460000000001,3.15290982004454));
#2372=CARTESIAN_POINT('Origin',(55.626,6.985,-8.29088002985668E-15));
#2373=CARTESIAN_POINT('Origin',(55.626,6.98500000000007,-8.29088002985668E-15));
#2374=CARTESIAN_POINT('',(55.626,4.2545,4.72936473006681));
#2375=CARTESIAN_POINT('',(55.626,6.35000000000007,5.93920221915367));
#2376=CARTESIAN_POINT('',(55.626,1.52400000000007,3.15290982004454));
#2377=CARTESIAN_POINT('',(55.626,7.62000000000007,5.93920221915367));
#2378=CARTESIAN_POINT('Origin',(55.626,6.98500000000007,4.83934995634744));
#2379=CARTESIAN_POINT('',(55.626,6.98500000000007,6.30581964008909));
#2380=CARTESIAN_POINT('Origin',(55.626,6.985,-8.29088002985668E-15));
#2381=CARTESIAN_POINT('Origin',(62.103,6.985,-8.32552162275413E-15));
#2382=CARTESIAN_POINT('',(61.341,12.4460000000001,-8.29223852369579E-15));
#2383=CARTESIAN_POINT('',(61.341,9.71550000000002,4.72936473006684));
#2384=CARTESIAN_POINT('Origin',(61.341,6.985,-8.32144614123679E-15));
#2385=CARTESIAN_POINT('',(61.341,4.25450000000002,4.72936473006678));
#2386=CARTESIAN_POINT('Origin',(61.341,6.985,-8.32144614123679E-15));
#2387=CARTESIAN_POINT('',(61.341,1.52400000000007,-7.48329202078937E-15));
#2388=CARTESIAN_POINT('Origin',(61.341,6.985,-8.32144614123679E-15));
#2389=CARTESIAN_POINT('',(61.341,4.25450000000002,-4.7293647300668));
#2390=CARTESIAN_POINT('Origin',(61.341,6.985,-8.32144614123679E-15));
#2391=CARTESIAN_POINT('',(61.341,9.71550000000002,-4.72936473006686));
#2392=CARTESIAN_POINT('Origin',(61.341,6.985,-8.32144614123679E-15));
#2393=CARTESIAN_POINT('Origin',(61.341,6.985,-8.32144614123679E-15));
#2394=CARTESIAN_POINT('',(62.103,12.446,-8.29631400521314E-15));
#2395=CARTESIAN_POINT('',(62.103,12.446,-8.96509362222751E-15));
#2396=CARTESIAN_POINT('',(62.103,6.98500000000001,5.46099999999999));
#2397=CARTESIAN_POINT('Origin',(62.103,6.985,-8.32552162275413E-15));
#2398=CARTESIAN_POINT('Origin',(62.103,6.985,-8.32552162275413E-15));
#2399=CARTESIAN_POINT('Origin',(63.119,6.98500000000001,-8.3309555981106E-15));
#2400=CARTESIAN_POINT('',(63.119,6.98500000000001,2.53999999999999));
#2401=CARTESIAN_POINT('',(63.119,6.98500000000001,2.53999999999999));
#2402=CARTESIAN_POINT('',(63.119,6.98500000000001,-2.54000000000001));
#2403=CARTESIAN_POINT('Origin',(63.119,6.98500000000001,-8.3309555981106E-15));
#2404=CARTESIAN_POINT('Origin',(63.119,6.98500000000001,-8.3309555981106E-15));
#2405=CARTESIAN_POINT('Origin',(61.341,6.98500000000007,-8.32144614123679E-15));
#2406=CARTESIAN_POINT('',(61.341,2.15900000000007,3.51952724097995));
#2407=CARTESIAN_POINT('',(61.341,1.52400000000007,3.15290982004454));
#2408=CARTESIAN_POINT('',(61.341,1.52400000000007,2.41967497817372));
#2409=CARTESIAN_POINT('Origin',(61.341,2.79400000000007,2.41967497817372));
#2410=CARTESIAN_POINT('',(61.341,1.52400000000007,-3.15290982004455));
#2411=CARTESIAN_POINT('Origin',(61.341,6.98500000000007,-8.32144614123679E-15));
#2412=CARTESIAN_POINT('',(61.341,7.62000000000007,5.93920221915367));
#2413=CARTESIAN_POINT('',(61.341,6.98500000000007,6.30581964008909));
#2414=CARTESIAN_POINT('',(61.341,6.35000000000007,5.93920221915367));
#2415=CARTESIAN_POINT('Origin',(61.341,6.98500000000007,4.83934995634744));
#2416=CARTESIAN_POINT('',(61.341,1.52400000000007,3.15290982004454));
#2417=CARTESIAN_POINT('Origin',(61.341,6.98500000000007,-8.32144614123679E-15));
#2418=CARTESIAN_POINT('',(61.341,12.4460000000001,2.41967497817371));
#2419=CARTESIAN_POINT('',(61.341,12.4460000000001,3.15290982004454));
#2420=CARTESIAN_POINT('',(61.341,11.8110000000001,3.51952724097995));
#2421=CARTESIAN_POINT('Origin',(61.341,11.1760000000001,2.41967497817371));
#2422=CARTESIAN_POINT('',(61.341,6.98500000000007,6.30581964008909));
#2423=CARTESIAN_POINT('Origin',(61.341,6.98500000000007,-8.32144614123679E-15));
#2424=CARTESIAN_POINT('',(61.341,11.8110000000001,-3.51952724097997));
#2425=CARTESIAN_POINT('',(61.341,12.4460000000001,-3.15290982004456));
#2426=CARTESIAN_POINT('',(61.341,12.4460000000001,-2.41967497817373));
#2427=CARTESIAN_POINT('Origin',(61.341,11.1760000000001,-2.41967497817373));
#2428=CARTESIAN_POINT('',(61.341,12.4460000000001,3.15290982004454));
#2429=CARTESIAN_POINT('Origin',(61.341,6.98500000000007,-8.32144614123679E-15));
#2430=CARTESIAN_POINT('',(61.341,6.35000000000007,-5.93920221915369));
#2431=CARTESIAN_POINT('',(61.341,6.98500000000007,-6.3058196400891));
#2432=CARTESIAN_POINT('',(61.341,7.62000000000007,-5.93920221915369));
#2433=CARTESIAN_POINT('Origin',(61.341,6.98500000000007,-4.83934995634745));
#2434=CARTESIAN_POINT('',(61.341,12.4460000000001,-3.15290982004456));
#2435=CARTESIAN_POINT('Origin',(55.626,6.98500000000007,-6.3058196400891));
#2436=CARTESIAN_POINT('',(55.626,6.35000000000007,-5.93920221915369));
#2437=CARTESIAN_POINT('',(61.341,2.15900000000007,-3.51952724097997));
#2438=CARTESIAN_POINT('',(61.341,6.98500000000007,-6.3058196400891));
#2439=CARTESIAN_POINT('',(55.626,2.15900000000007,-3.51952724097996));
#2440=CARTESIAN_POINT('Origin',(55.626,1.52400000000007,-3.15290982004455));
#2441=CARTESIAN_POINT('',(55.626,1.52400000000007,2.41967497817372));
#2442=CARTESIAN_POINT('',(55.626,1.52400000000007,2.41967497817372));
#2443=CARTESIAN_POINT('',(55.626,1.52400000000007,-3.15290982004455));
#2444=CARTESIAN_POINT('',(61.341,1.52400000000007,-2.41967497817373));
#2445=CARTESIAN_POINT('',(55.626,1.52400000000007,-2.41967497817373));
#2446=CARTESIAN_POINT('',(61.341,1.52400000000007,-3.15290982004455));
#2447=CARTESIAN_POINT('Origin',(55.626,1.52400000000007,3.15290982004454));
#2448=CARTESIAN_POINT('',(55.626,2.15900000000007,3.51952724097995));
#2449=CARTESIAN_POINT('',(55.626,1.52400000000007,3.15290982004454));
#2450=CARTESIAN_POINT('',(55.626,2.15900000000007,3.51952724097995));
#2451=CARTESIAN_POINT('',(55.626,6.35000000000007,5.93920221915367));
#2452=CARTESIAN_POINT('Origin',(55.626,6.98500000000007,6.30581964008909));
#2453=CARTESIAN_POINT('',(55.626,7.62000000000007,5.93920221915367));
#2454=CARTESIAN_POINT('',(55.626,11.8110000000001,3.51952724097995));
#2455=CARTESIAN_POINT('Origin',(55.626,12.4460000000001,3.15290982004454));
#2456=CARTESIAN_POINT('',(55.626,12.4460000000001,2.41967497817371));
#2457=CARTESIAN_POINT('',(55.626,12.4460000000001,-2.41967497817373));
#2458=CARTESIAN_POINT('Origin',(55.626,12.4460000000001,-3.15290982004456));
#2459=CARTESIAN_POINT('',(55.626,11.8110000000001,-3.51952724097997));
#2460=CARTESIAN_POINT('',(55.626,7.62000000000007,-5.93920221915369));
#2461=CARTESIAN_POINT('Origin',(55.626,6.98500000000007,-8.29088002985668E-15));
#2462=CARTESIAN_POINT('Origin',(55.626,2.79400000000007,2.41967497817372));
#2463=CARTESIAN_POINT('Origin',(55.626,6.985,-8.29088002985668E-15));
#2464=CARTESIAN_POINT('Origin',(61.341,6.98500000000007,-8.32144614123679E-15));
#2465=CARTESIAN_POINT('Origin',(61.341,2.79400000000007,-2.41967497817373));
#2466=CARTESIAN_POINT('Origin',(54.864,6.985,-8.28680454833933E-15));
#2467=CARTESIAN_POINT('',(54.864,1.524,-8.31601216588032E-15));
#2468=CARTESIAN_POINT('',(54.864,1.524,-8.98479178289469E-15));
#2469=CARTESIAN_POINT('Origin',(54.864,6.985,-8.28680454833933E-15));
#2470=CARTESIAN_POINT('Origin',(54.864,6.985,-8.28680454833933E-15));
#2471=CARTESIAN_POINT('Origin',(51.054,11.7970650624518,-4.98604051018084));
#2472=CARTESIAN_POINT('',(53.594,11.085557091073,-5.16321200901121));
#2473=CARTESIAN_POINT('',(53.594,5.78450275648976,-6.48321934500678));
#2474=CARTESIAN_POINT('',(53.594,11.7970650624518,-4.98604051018084));
#2475=CARTESIAN_POINT('',(51.054,5.78450275648976,-6.48321934500678));
#2476=CARTESIAN_POINT('',(51.054,5.78450275648976,-6.48321934500678));
#2477=CARTESIAN_POINT('',(51.054,11.085557091073,-5.16321200901121));
#2478=CARTESIAN_POINT('',(51.054,11.7970650624518,-4.98604051018084));
#2479=CARTESIAN_POINT('',(51.054,11.085557091073,-5.16321200901121));
#2480=CARTESIAN_POINT('Origin',(51.054,5.07299478511099,-6.66039084383715));
#2481=CARTESIAN_POINT('',(51.054,4.56380578060794,-6.13279261504318));
#2482=CARTESIAN_POINT('',(51.054,0.77011872716234,-2.20194856245027));
#2483=CARTESIAN_POINT('',(51.054,5.07299478511099,-6.66039084383715));
#2484=CARTESIAN_POINT('',(53.594,4.56380578060794,-6.13279261504318));
#2485=CARTESIAN_POINT('',(51.054,4.56380578060794,-6.13279261504318));
#2486=CARTESIAN_POINT('',(53.594,0.77011872716234,-2.20194856245027));
#2487=CARTESIAN_POINT('',(53.594,5.07299478511099,-6.66039084383715));
#2488=CARTESIAN_POINT('',(51.054,0.770118727162339,-2.20194856245027));
#2489=CARTESIAN_POINT('Origin',(51.054,0.260929722659294,-1.67435033365631));
#2490=CARTESIAN_POINT('',(51.054,0.463248689535021,-0.969580606031976));
#2491=CARTESIAN_POINT('',(51.054,0.260929722659294,-1.67435033365631));
#2492=CARTESIAN_POINT('',(53.594,0.463248689535021,-0.969580606031976));
#2493=CARTESIAN_POINT('',(51.054,0.463248689535021,-0.969580606031976));
#2494=CARTESIAN_POINT('',(53.594,1.97061597067265,4.2812707825565));
#2495=CARTESIAN_POINT('',(53.594,0.260929722659294,-1.67435033365631));
#2496=CARTESIAN_POINT('',(51.054,1.97061597067265,4.2812707825565));
#2497=CARTESIAN_POINT('Origin',(51.054,2.17293493754838,4.98604051018083));
#2498=CARTESIAN_POINT('',(53.594,2.88444290892715,5.16321200901119));
#2499=CARTESIAN_POINT('',(53.594,8.18549724351037,6.48321934500677));
#2500=CARTESIAN_POINT('',(53.594,2.17293493754838,4.98604051018083));
#2501=CARTESIAN_POINT('',(51.054,8.18549724351037,6.48321934500677));
#2502=CARTESIAN_POINT('',(51.054,2.88444290892715,5.16321200901119));
#2503=CARTESIAN_POINT('Origin',(51.054,8.89700521488915,6.66039084383713));
#2504=CARTESIAN_POINT('',(53.594,9.40619421939219,6.13279261504316));
#2505=CARTESIAN_POINT('',(53.594,13.1998812728378,2.20194856245026));
#2506=CARTESIAN_POINT('',(53.594,8.89700521488915,6.66039084383713));
#2507=CARTESIAN_POINT('',(51.054,13.1998812728378,2.20194856245026));
#2508=CARTESIAN_POINT('',(51.054,9.40619421939219,6.13279261504316));
#2509=CARTESIAN_POINT('Origin',(51.054,13.7090702773408,1.67435033365629));
#2510=CARTESIAN_POINT('',(53.594,13.5067513104651,0.96958060603196));
#2511=CARTESIAN_POINT('',(53.594,11.9993840293275,-4.28127078255651));
#2512=CARTESIAN_POINT('',(53.594,13.7090702773408,1.67435033365629));
#2513=CARTESIAN_POINT('',(51.054,11.9993840293275,-4.28127078255651));
#2514=CARTESIAN_POINT('',(51.054,11.9993840293275,-4.28127078255651));
#2515=CARTESIAN_POINT('',(51.054,13.7090702773408,1.67435033365629));
#2516=CARTESIAN_POINT('',(51.054,13.5067513104651,0.96958060603196));
#2517=CARTESIAN_POINT('Origin',(51.054,6.98500000000007,-8.21955910330309E-15));
#2518=CARTESIAN_POINT('Origin',(51.054,6.98499999999999,3.74963232727545E-15));
#2519=CARTESIAN_POINT('Origin',(51.054,10.7786870534457,-3.93084405259291));
#2520=CARTESIAN_POINT('Origin',(51.054,5.47763271886244,-5.25085138858848));
#2521=CARTESIAN_POINT('Origin',(51.054,1.68394566541684,-1.32000733599558));
#2522=CARTESIAN_POINT('Origin',(53.594,6.98500000000007,-8.23314404169425E-15));
#2523=CARTESIAN_POINT('Origin',(53.594,5.47763271886244,-5.25085138858848));
#2524=CARTESIAN_POINT('Origin',(53.594,10.7786870534457,-3.93084405259291));
#2525=CARTESIAN_POINT('Origin',(53.594,12.2860543345833,1.32000733599556));
#2526=CARTESIAN_POINT('Origin',(53.594,8.49236728113769,5.25085138858847));
#2527=CARTESIAN_POINT('Origin',(53.594,3.19131294655447,3.9308440525929));
#2528=CARTESIAN_POINT('Origin',(53.594,1.68394566541684,-1.32000733599558));
#2529=CARTESIAN_POINT('Origin',(59.055,6.98500000000002,-8.30921969668474E-15));
#2530=CARTESIAN_POINT('',(59.055,6.98500000000002,-2.54000000000001));
#2531=CARTESIAN_POINT('Origin',(59.055,6.98500000000002,-8.30921969668474E-15));
#2532=CARTESIAN_POINT('',(59.055,6.98500000000002,-2.54000000000001));
#2533=CARTESIAN_POINT('Origin',(59.055,6.98500000000002,-8.30921969668474E-15));
#2534=CARTESIAN_POINT('Origin',(51.054,5.47763271886244,-5.25085138858848));
#2535=CARTESIAN_POINT('Origin',(51.054,10.7786870534457,-3.93084405259291));
#2536=CARTESIAN_POINT('Origin',(51.054,12.2860543345833,1.32000733599556));
#2537=CARTESIAN_POINT('Origin',(51.054,8.49236728113769,5.25085138858847));
#2538=CARTESIAN_POINT('Origin',(51.054,1.68394566541684,-1.32000733599558));
#2539=CARTESIAN_POINT('Origin',(51.054,3.19131294655447,3.9308440525929));
#2540=CARTESIAN_POINT('Origin',(55.626,2.79400000000007,2.41967497817372));
#2541=CARTESIAN_POINT('Origin',(55.626,6.98500000000007,4.83934995634744));
#2542=CARTESIAN_POINT('Origin',(55.626,11.1760000000001,2.41967497817371));
#2543=CARTESIAN_POINT('Origin',(55.626,11.1760000000001,-2.41967497817373));
#2544=CARTESIAN_POINT('Origin',(55.626,6.98500000000007,-4.83934995634745));
#2545=CARTESIAN_POINT('Origin',(55.626,2.79400000000007,-2.41967497817373));
#2546=CARTESIAN_POINT('Origin',(63.0875432022328,6.985,-8.33078735454381E-15));
#2547=CARTESIAN_POINT('Ctrl Pts',(51.0346939573725,10.3185612462725,1.4100176124253));
#2548=CARTESIAN_POINT('Ctrl Pts',(51.042026805323,10.2487712383118,1.57501503080143));
#2549=CARTESIAN_POINT('Ctrl Pts',(51.0493184131755,10.163028887415,1.73231424422809));
#2550=CARTESIAN_POINT('Origin',(51.125334265666,10.3718873112949,-0.86962367459792));
#2551=CARTESIAN_POINT('',(51.8482137311184,10.4907820839941,-0.900151226122511));
#2552=CARTESIAN_POINT('',(51.125334265666,10.4907820624468,-0.900151309850825));
#2553=CARTESIAN_POINT('',(51.5647320649098,10.0152030710049,-0.778040717475457));
#2554=CARTESIAN_POINT('Ctrl Pts',(46.9011373286188,3.35443681801627,-8.26363367367181E-15));
#2555=CARTESIAN_POINT('Ctrl Pts',(46.9578337571903,3.35443681801627,-1.50382850903009));
#2556=CARTESIAN_POINT('Ctrl Pts',(47.0145301857617,4.41780415449309,-2.56719584550692));
#2557=CARTESIAN_POINT('Ctrl Pts',(47.0712266143331,5.48117149096992,-3.63056318198374));
#2558=CARTESIAN_POINT('Ctrl Pts',(47.1279230429046,6.985,-3.63056318198374));
#2559=CARTESIAN_POINT('Ctrl Pts',(47.184619471476,8.48882850903008,-3.63056318198374));
#2560=CARTESIAN_POINT('Ctrl Pts',(47.2413159000474,9.55219584550691,-2.56719584550692));
#2561=CARTESIAN_POINT('Ctrl Pts',(47.2980123286188,10.6155631819837,-1.50382850903009));
#2562=CARTESIAN_POINT('Ctrl Pts',(47.3547087571903,10.6155631819837,-8.67183989843856E-15));
#2563=CARTESIAN_POINT('Ctrl Pts',(47.4114051857617,10.6155631819837,1.50382850903007));
#2564=CARTESIAN_POINT('Ctrl Pts',(47.4681016143331,9.55219584550691,2.5671958455069));
#2565=CARTESIAN_POINT('Ctrl Pts',(47.5247980429046,8.48882850903008,3.63056318198372));
#2566=CARTESIAN_POINT('Ctrl Pts',(47.581494471476,6.985,3.63056318198372));
#2567=CARTESIAN_POINT('Ctrl Pts',(47.6381909000474,5.48117149096992,3.63056318198372));
#2568=CARTESIAN_POINT('Ctrl Pts',(47.6948873286188,4.41780415449309,2.5671958455069));
#2569=CARTESIAN_POINT('Ctrl Pts',(47.7515837571903,3.35443681801627,1.50382850903008));
#2570=CARTESIAN_POINT('Ctrl Pts',(47.8082801857617,3.35443681801627,-8.26848543738294E-15));
#2571=CARTESIAN_POINT('Ctrl Pts',(47.8649766143331,3.35443681801627,-1.50382850903009));
#2572=CARTESIAN_POINT('Ctrl Pts',(47.9216730429046,4.41780415449309,-2.56719584550692));
#2573=CARTESIAN_POINT('Ctrl Pts',(47.978369471476,5.48117149096992,-3.63056318198374));
#2574=CARTESIAN_POINT('Ctrl Pts',(48.0350659000474,6.985,-3.63056318198374));
#2575=CARTESIAN_POINT('Ctrl Pts',(48.0917623286189,8.48882850903008,-3.63056318198374));
#2576=CARTESIAN_POINT('Ctrl Pts',(48.1484587571903,9.55219584550691,-2.56719584550692));
#2577=CARTESIAN_POINT('Ctrl Pts',(48.2051551857617,10.6155631819837,-1.50382850903009));
#2578=CARTESIAN_POINT('Ctrl Pts',(48.2618516143331,10.6155631819837,-8.67669166214968E-15));
#2579=CARTESIAN_POINT('Ctrl Pts',(48.3185480429046,10.6155631819837,1.50382850903007));
#2580=CARTESIAN_POINT('Ctrl Pts',(48.375244471476,9.55219584550691,2.5671958455069));
#2581=CARTESIAN_POINT('Ctrl Pts',(48.4319409000474,8.48882850903008,3.63056318198372));
#2582=CARTESIAN_POINT('Ctrl Pts',(48.4886373286189,6.985,3.63056318198372));
#2583=CARTESIAN_POINT('Ctrl Pts',(48.5453337571903,5.48117149096992,3.63056318198372));
#2584=CARTESIAN_POINT('Ctrl Pts',(48.6020301857617,4.41780415449309,2.5671958455069));
#2585=CARTESIAN_POINT('Ctrl Pts',(48.6587266143331,3.35443681801627,1.50382850903008));
#2586=CARTESIAN_POINT('Ctrl Pts',(48.7154230429046,3.35443681801627,-8.27333720109406E-15));
#2587=CARTESIAN_POINT('Ctrl Pts',(48.772119471476,3.35443681801627,-1.50382850903009));
#2588=CARTESIAN_POINT('Ctrl Pts',(48.8288159000474,4.41780415449309,-2.56719584550692));
#2589=CARTESIAN_POINT('Ctrl Pts',(48.8855123286189,5.48117149096992,-3.63056318198374));
#2590=CARTESIAN_POINT('Ctrl Pts',(48.9422087571903,6.985,-3.63056318198374));
#2591=CARTESIAN_POINT('Ctrl Pts',(48.9989051857617,8.48882850903008,-3.63056318198374));
#2592=CARTESIAN_POINT('Ctrl Pts',(49.0556016143331,9.55219584550691,-2.56719584550692));
#2593=CARTESIAN_POINT('Ctrl Pts',(49.1122980429046,10.6155631819837,-1.50382850903009));
#2594=CARTESIAN_POINT('Ctrl Pts',(49.168994471476,10.6155631819837,-8.68154342586081E-15));
#2595=CARTESIAN_POINT('Ctrl Pts',(49.2256909000474,10.6155631819837,1.50382850903007));
#2596=CARTESIAN_POINT('Ctrl Pts',(49.2823873286189,9.55219584550691,2.5671958455069));
#2597=CARTESIAN_POINT('Ctrl Pts',(49.3390837571903,8.48882850903008,3.63056318198372));
#2598=CARTESIAN_POINT('Ctrl Pts',(49.3957801857617,6.985,3.63056318198372));
#2599=CARTESIAN_POINT('Ctrl Pts',(49.4524766143331,5.48117149096992,3.63056318198372));
#2600=CARTESIAN_POINT('Ctrl Pts',(49.5091730429046,4.41780415449309,2.5671958455069));
#2601=CARTESIAN_POINT('Ctrl Pts',(49.565869471476,3.35443681801627,1.50382850903008));
#2602=CARTESIAN_POINT('Ctrl Pts',(49.6225659000474,3.35443681801627,-8.27818896480519E-15));
#2603=CARTESIAN_POINT('Ctrl Pts',(49.6792623286189,3.35443681801627,-1.50382850903009));
#2604=CARTESIAN_POINT('Ctrl Pts',(49.7359587571903,4.41780415449309,-2.56719584550692));
#2605=CARTESIAN_POINT('Ctrl Pts',(49.7926551857617,5.48117149096992,-3.63056318198374));
#2606=CARTESIAN_POINT('Ctrl Pts',(49.8493516143331,6.985,-3.63056318198374));
#2607=CARTESIAN_POINT('Ctrl Pts',(49.9060480429046,8.48882850903008,-3.63056318198374));
#2608=CARTESIAN_POINT('Ctrl Pts',(49.962744471476,9.55219584550691,-2.56719584550692));
#2609=CARTESIAN_POINT('Ctrl Pts',(50.0194409000474,10.6155631819837,-1.50382850903009));
#2610=CARTESIAN_POINT('Ctrl Pts',(50.0761373286188,10.6155631819837,-8.68639518957194E-15));
#2611=CARTESIAN_POINT('Ctrl Pts',(50.1328337571903,10.6155631819837,1.50382850903007));
#2612=CARTESIAN_POINT('Ctrl Pts',(50.1895301857617,9.55219584550691,2.5671958455069));
#2613=CARTESIAN_POINT('Ctrl Pts',(50.2462266143331,8.48882850903008,3.63056318198372));
#2614=CARTESIAN_POINT('Ctrl Pts',(50.3029230429046,6.985,3.63056318198372));
#2615=CARTESIAN_POINT('Ctrl Pts',(50.359619471476,5.48117149096992,3.63056318198372));
#2616=CARTESIAN_POINT('Ctrl Pts',(50.4163159000474,4.41780415449309,2.5671958455069));
#2617=CARTESIAN_POINT('Ctrl Pts',(50.4730123286188,3.35443681801627,1.50382850903008));
#2618=CARTESIAN_POINT('Ctrl Pts',(50.5297087571903,3.35443681801627,-8.28304072851632E-15));
#2619=CARTESIAN_POINT('Ctrl Pts',(50.5864051857617,3.35443681801627,-1.50382850903009));
#2620=CARTESIAN_POINT('Ctrl Pts',(50.6431016143331,4.41780415449309,-2.56719584550692));
#2621=CARTESIAN_POINT('Ctrl Pts',(50.6997980429046,5.48117149096992,-3.63056318198374));
#2622=CARTESIAN_POINT('Ctrl Pts',(50.756494471476,6.985,-3.63056318198374));
#2623=CARTESIAN_POINT('Ctrl Pts',(50.8131909000474,8.48882850903008,-3.63056318198374));
#2624=CARTESIAN_POINT('Ctrl Pts',(50.8698873286188,9.55219584550691,-2.56719584550692));
#2625=CARTESIAN_POINT('Ctrl Pts',(50.9265837571903,10.6155631819837,-1.50382850903009));
#2626=CARTESIAN_POINT('Ctrl Pts',(50.9832801857617,10.6155631819837,-8.69124695328307E-15));
#2627=CARTESIAN_POINT('Ctrl Pts',(51.0399766143331,10.6155631819837,1.50382850903007));
#2628=CARTESIAN_POINT('Ctrl Pts',(51.0966730429046,9.55219584550691,2.5671958455069));
#2629=CARTESIAN_POINT('Ctrl Pts',(51.153369471476,8.48882850903008,3.63056318198372));
#2630=CARTESIAN_POINT('Ctrl Pts',(51.2100659000474,6.985,3.63056318198372));
#2631=CARTESIAN_POINT('Ctrl Pts',(51.2667623286188,5.48117149096992,3.63056318198372));
#2632=CARTESIAN_POINT('Ctrl Pts',(51.3234587571903,4.41780415449309,2.5671958455069));
#2633=CARTESIAN_POINT('Ctrl Pts',(51.3801551857617,3.35443681801627,1.50382850903008));
#2634=CARTESIAN_POINT('Ctrl Pts',(51.4368516143331,3.35443681801627,-8.28789249222745E-15));
#2635=CARTESIAN_POINT('Ctrl Pts',(51.4935480429046,3.35443681801627,-1.50382850903009));
#2636=CARTESIAN_POINT('Ctrl Pts',(51.550244471476,4.41780415449309,-2.56719584550692));
#2637=CARTESIAN_POINT('Ctrl Pts',(51.6069409000474,5.48117149096992,-3.63056318198374));
#2638=CARTESIAN_POINT('Ctrl Pts',(51.6636373286189,6.985,-3.63056318198374));
#2639=CARTESIAN_POINT('Ctrl Pts',(51.7203337571903,8.48882850903008,-3.63056318198374));
#2640=CARTESIAN_POINT('Ctrl Pts',(51.7770301857617,9.55219584550691,-2.56719584550692));
#2641=CARTESIAN_POINT('Ctrl Pts',(51.8144752875531,10.2544957814864,-1.86489590952742));
#2642=CARTESIAN_POINT('Ctrl Pts',(51.8546012519117,10.5014988460031,-0.902898047641556));
#2643=CARTESIAN_POINT('Ctrl Pts',(46.8947499975224,3.36550000000006,-8.26354034133122E-15));
#2644=CARTESIAN_POINT('Ctrl Pts',(46.9514464260938,3.36550000000006,-1.4992459890094));
#2645=CARTESIAN_POINT('Ctrl Pts',(47.0081428546653,4.42562700549533,-2.55937299450467));
#2646=CARTESIAN_POINT('Ctrl Pts',(47.0648392832367,5.48575401099061,-3.61949999999995));
#2647=CARTESIAN_POINT('Ctrl Pts',(47.1215357118081,6.985,-3.61949999999995));
#2648=CARTESIAN_POINT('Ctrl Pts',(47.1782321403796,8.48424598900939,-3.61949999999995));
#2649=CARTESIAN_POINT('Ctrl Pts',(47.234928568951,9.54437299450466,-2.55937299450467));
#2650=CARTESIAN_POINT('Ctrl Pts',(47.2916249975224,10.6044999999999,-1.4992459890094));
#2651=CARTESIAN_POINT('Ctrl Pts',(47.3483214260938,10.6044999999999,-8.67051005772336E-15));
#2652=CARTESIAN_POINT('Ctrl Pts',(47.4050178546653,10.6044999999999,1.49924598900938));
#2653=CARTESIAN_POINT('Ctrl Pts',(47.4617142832367,9.54437299450466,2.55937299450466));
#2654=CARTESIAN_POINT('Ctrl Pts',(47.5184107118081,8.48424598900939,3.61949999999993));
#2655=CARTESIAN_POINT('Ctrl Pts',(47.5751071403796,6.985,3.61949999999993));
#2656=CARTESIAN_POINT('Ctrl Pts',(47.631803568951,5.48575401099061,3.61949999999993));
#2657=CARTESIAN_POINT('Ctrl Pts',(47.6884999975224,4.42562700549534,2.55937299450466));
#2658=CARTESIAN_POINT('Ctrl Pts',(47.7451964260938,3.36550000000006,1.49924598900939));
#2659=CARTESIAN_POINT('Ctrl Pts',(47.8018928546653,3.36550000000006,-8.26839210504235E-15));
#2660=CARTESIAN_POINT('Ctrl Pts',(47.8585892832367,3.36550000000006,-1.4992459890094));
#2661=CARTESIAN_POINT('Ctrl Pts',(47.9152857118081,4.42562700549533,-2.55937299450467));
#2662=CARTESIAN_POINT('Ctrl Pts',(47.9719821403796,5.48575401099061,-3.61949999999995));
#2663=CARTESIAN_POINT('Ctrl Pts',(48.028678568951,6.985,-3.61949999999995));
#2664=CARTESIAN_POINT('Ctrl Pts',(48.0853749975224,8.48424598900939,-3.61949999999995));
#2665=CARTESIAN_POINT('Ctrl Pts',(48.1420714260938,9.54437299450466,-2.55937299450467));
#2666=CARTESIAN_POINT('Ctrl Pts',(48.1987678546653,10.6044999999999,-1.4992459890094));
#2667=CARTESIAN_POINT('Ctrl Pts',(48.2554642832367,10.6044999999999,-8.67536182143449E-15));
#2668=CARTESIAN_POINT('Ctrl Pts',(48.3121607118081,10.6044999999999,1.49924598900938));
#2669=CARTESIAN_POINT('Ctrl Pts',(48.3688571403795,9.54437299450466,2.55937299450466));
#2670=CARTESIAN_POINT('Ctrl Pts',(48.425553568951,8.48424598900939,3.61949999999993));
#2671=CARTESIAN_POINT('Ctrl Pts',(48.4822499975224,6.985,3.61949999999993));
#2672=CARTESIAN_POINT('Ctrl Pts',(48.5389464260938,5.48575401099061,3.61949999999993));
#2673=CARTESIAN_POINT('Ctrl Pts',(48.5956428546653,4.42562700549534,2.55937299450466));
#2674=CARTESIAN_POINT('Ctrl Pts',(48.6523392832367,3.36550000000006,1.49924598900939));
#2675=CARTESIAN_POINT('Ctrl Pts',(48.7090357118081,3.36550000000006,-8.27324386875348E-15));
#2676=CARTESIAN_POINT('Ctrl Pts',(48.7657321403796,3.36550000000006,-1.4992459890094));
#2677=CARTESIAN_POINT('Ctrl Pts',(48.822428568951,4.42562700549533,-2.55937299450467));
#2678=CARTESIAN_POINT('Ctrl Pts',(48.8791249975224,5.48575401099061,-3.61949999999995));
#2679=CARTESIAN_POINT('Ctrl Pts',(48.9358214260938,6.985,-3.61949999999995));
#2680=CARTESIAN_POINT('Ctrl Pts',(48.9925178546653,8.48424598900939,-3.61949999999995));
#2681=CARTESIAN_POINT('Ctrl Pts',(49.0492142832367,9.54437299450466,-2.55937299450467));
#2682=CARTESIAN_POINT('Ctrl Pts',(49.1059107118081,10.6044999999999,-1.4992459890094));
#2683=CARTESIAN_POINT('Ctrl Pts',(49.1626071403795,10.6044999999999,-8.68021358514562E-15));
#2684=CARTESIAN_POINT('Ctrl Pts',(49.219303568951,10.6044999999999,1.49924598900938));
#2685=CARTESIAN_POINT('Ctrl Pts',(49.2759999975224,9.54437299450466,2.55937299450466));
#2686=CARTESIAN_POINT('Ctrl Pts',(49.3326964260938,8.48424598900939,3.61949999999993));
#2687=CARTESIAN_POINT('Ctrl Pts',(49.3893928546653,6.985,3.61949999999993));
#2688=CARTESIAN_POINT('Ctrl Pts',(49.4460892832367,5.48575401099061,3.61949999999993));
#2689=CARTESIAN_POINT('Ctrl Pts',(49.5027857118081,4.42562700549534,2.55937299450466));
#2690=CARTESIAN_POINT('Ctrl Pts',(49.5594821403796,3.36550000000006,1.49924598900939));
#2691=CARTESIAN_POINT('Ctrl Pts',(49.616178568951,3.36550000000006,-8.2780956324646E-15));
#2692=CARTESIAN_POINT('Ctrl Pts',(49.6728749975224,3.36550000000006,-1.4992459890094));
#2693=CARTESIAN_POINT('Ctrl Pts',(49.7295714260938,4.42562700549533,-2.55937299450467));
#2694=CARTESIAN_POINT('Ctrl Pts',(49.7862678546653,5.48575401099061,-3.61949999999995));
#2695=CARTESIAN_POINT('Ctrl Pts',(49.8429642832367,6.985,-3.61949999999995));
#2696=CARTESIAN_POINT('Ctrl Pts',(49.8996607118081,8.48424598900939,-3.61949999999995));
#2697=CARTESIAN_POINT('Ctrl Pts',(49.9563571403796,9.54437299450466,-2.55937299450467));
#2698=CARTESIAN_POINT('Ctrl Pts',(50.013053568951,10.6044999999999,-1.4992459890094));
#2699=CARTESIAN_POINT('Ctrl Pts',(50.0697499975224,10.6044999999999,-8.68506534885674E-15));
#2700=CARTESIAN_POINT('Ctrl Pts',(50.1264464260938,10.6044999999999,1.49924598900938));
#2701=CARTESIAN_POINT('Ctrl Pts',(50.1831428546653,9.54437299450466,2.55937299450466));
#2702=CARTESIAN_POINT('Ctrl Pts',(50.2398392832367,8.48424598900939,3.61949999999993));
#2703=CARTESIAN_POINT('Ctrl Pts',(50.2965357118081,6.985,3.61949999999993));
#2704=CARTESIAN_POINT('Ctrl Pts',(50.3532321403796,5.48575401099061,3.61949999999993));
#2705=CARTESIAN_POINT('Ctrl Pts',(50.409928568951,4.42562700549533,2.55937299450466));
#2706=CARTESIAN_POINT('Ctrl Pts',(50.4666249975224,3.36550000000006,1.49924598900939));
#2707=CARTESIAN_POINT('Ctrl Pts',(50.5233214260938,3.36550000000006,-8.28294739617573E-15));
#2708=CARTESIAN_POINT('Ctrl Pts',(50.5800178546653,3.36550000000006,-1.4992459890094));
#2709=CARTESIAN_POINT('Ctrl Pts',(50.6367142832367,4.42562700549533,-2.55937299450467));
#2710=CARTESIAN_POINT('Ctrl Pts',(50.6934107118081,5.48575401099061,-3.61949999999995));
#2711=CARTESIAN_POINT('Ctrl Pts',(50.7501071403795,6.985,-3.61949999999995));
#2712=CARTESIAN_POINT('Ctrl Pts',(50.806803568951,8.48424598900939,-3.61949999999995));
#2713=CARTESIAN_POINT('Ctrl Pts',(50.8634999975224,9.54437299450466,-2.55937299450467));
#2714=CARTESIAN_POINT('Ctrl Pts',(50.9201964260938,10.6044999999999,-1.4992459890094));
#2715=CARTESIAN_POINT('Ctrl Pts',(50.9768928546653,10.6044999999999,-8.68991711256787E-15));
#2716=CARTESIAN_POINT('Ctrl Pts',(51.0335892832367,10.6044999999999,1.49924598900938));
#2717=CARTESIAN_POINT('Ctrl Pts',(51.0902857118081,9.54437299450466,2.55937299450466));
#2718=CARTESIAN_POINT('Ctrl Pts',(51.1469821403796,8.48424598900939,3.61949999999993));
#2719=CARTESIAN_POINT('Ctrl Pts',(51.203678568951,6.985,3.61949999999993));
#2720=CARTESIAN_POINT('Ctrl Pts',(51.2603749975224,5.48575401099061,3.61949999999993));
#2721=CARTESIAN_POINT('Ctrl Pts',(51.3170714260938,4.42562700549534,2.55937299450466));
#2722=CARTESIAN_POINT('Ctrl Pts',(51.3737678546653,3.36550000000006,1.49924598900939));
#2723=CARTESIAN_POINT('Ctrl Pts',(51.4304642832367,3.36550000000006,-8.28779915988686E-15));
#2724=CARTESIAN_POINT('Ctrl Pts',(51.4871607118081,3.36550000000006,-1.4992459890094));
#2725=CARTESIAN_POINT('Ctrl Pts',(51.5438571403795,4.42562700549533,-2.55937299450467));
#2726=CARTESIAN_POINT('Ctrl Pts',(51.600553568951,5.48575401099061,-3.61949999999995));
#2727=CARTESIAN_POINT('Ctrl Pts',(51.6572499975224,6.985,-3.61949999999995));
#2728=CARTESIAN_POINT('Ctrl Pts',(51.7139464260938,8.48424598900939,-3.61949999999995));
#2729=CARTESIAN_POINT('Ctrl Pts',(51.7706428546653,9.54437299450466,-2.55937299450467));
#2730=CARTESIAN_POINT('Ctrl Pts',(51.8080879564566,10.2445328569998,-1.85921313200951));
#2731=CARTESIAN_POINT('Ctrl Pts',(51.8482139208153,10.4907832449437,-0.900146704416505));
#2732=CARTESIAN_POINT('Ctrl Pts',(46.6112678559041,3.85650547232149,-8.25939807104772E-15));
#2733=CARTESIAN_POINT('Ctrl Pts',(46.6679642844755,3.85650547232149,-1.29586486317446));
#2734=CARTESIAN_POINT('Ctrl Pts',(46.7246607130469,4.77282030457352,-2.21217969542649));
#2735=CARTESIAN_POINT('Ctrl Pts',(46.7813571416184,5.68913513682555,-3.12849452767852));
#2736=CARTESIAN_POINT('Ctrl Pts',(46.8380535701898,6.985,-3.12849452767852));
#2737=CARTESIAN_POINT('Ctrl Pts',(46.8947499987612,8.28086486317445,-3.12849452767852));
#2738=CARTESIAN_POINT('Ctrl Pts',(46.9514464273326,9.19717969542648,-2.21217969542649));
#2739=CARTESIAN_POINT('Ctrl Pts',(47.0081428559041,10.1134945276785,-1.29586486317446));
#2740=CARTESIAN_POINT('Ctrl Pts',(47.0648392844755,10.1134945276785,-8.61148914769643E-15));
#2741=CARTESIAN_POINT('Ctrl Pts',(47.1215357130469,10.1134945276785,1.29586486317444));
#2742=CARTESIAN_POINT('Ctrl Pts',(47.1782321416183,9.19717969542648,2.21217969542647));
#2743=CARTESIAN_POINT('Ctrl Pts',(47.2349285701898,8.28086486317445,3.1284945276785));
#2744=CARTESIAN_POINT('Ctrl Pts',(47.2916249987612,6.985,3.1284945276785));
#2745=CARTESIAN_POINT('Ctrl Pts',(47.3483214273326,5.68913513682555,3.1284945276785));
#2746=CARTESIAN_POINT('Ctrl Pts',(47.405017855904,4.77282030457352,2.21217969542647));
#2747=CARTESIAN_POINT('Ctrl Pts',(47.4617142844755,3.85650547232149,1.29586486317444));
#2748=CARTESIAN_POINT('Ctrl Pts',(47.5184107130469,3.85650547232149,-8.26424983475885E-15));
#2749=CARTESIAN_POINT('Ctrl Pts',(47.5751071416183,3.85650547232149,-1.29586486317446));
#2750=CARTESIAN_POINT('Ctrl Pts',(47.6318035701898,4.77282030457352,-2.21217969542649));
#2751=CARTESIAN_POINT('Ctrl Pts',(47.6884999987612,5.68913513682555,-3.12849452767852));
#2752=CARTESIAN_POINT('Ctrl Pts',(47.7451964273326,6.985,-3.12849452767852));
#2753=CARTESIAN_POINT('Ctrl Pts',(47.8018928559041,8.28086486317445,-3.12849452767852));
#2754=CARTESIAN_POINT('Ctrl Pts',(47.8585892844755,9.19717969542648,-2.21217969542649));
#2755=CARTESIAN_POINT('Ctrl Pts',(47.9152857130469,10.1134945276785,-1.29586486317446));
#2756=CARTESIAN_POINT('Ctrl Pts',(47.9719821416183,10.1134945276785,-8.61634091140756E-15));
#2757=CARTESIAN_POINT('Ctrl Pts',(48.0286785701898,10.1134945276785,1.29586486317444));
#2758=CARTESIAN_POINT('Ctrl Pts',(48.0853749987612,9.19717969542648,2.21217969542647));
#2759=CARTESIAN_POINT('Ctrl Pts',(48.1420714273326,8.28086486317445,3.1284945276785));
#2760=CARTESIAN_POINT('Ctrl Pts',(48.1987678559041,6.985,3.1284945276785));
#2761=CARTESIAN_POINT('Ctrl Pts',(48.2554642844755,5.68913513682555,3.1284945276785));
#2762=CARTESIAN_POINT('Ctrl Pts',(48.3121607130469,4.77282030457352,2.21217969542647));
#2763=CARTESIAN_POINT('Ctrl Pts',(48.3688571416183,3.85650547232149,1.29586486317444));
#2764=CARTESIAN_POINT('Ctrl Pts',(48.4255535701898,3.85650547232149,-8.26910159846998E-15));
#2765=CARTESIAN_POINT('Ctrl Pts',(48.4822499987612,3.85650547232149,-1.29586486317446));
#2766=CARTESIAN_POINT('Ctrl Pts',(48.5389464273326,4.77282030457352,-2.21217969542649));
#2767=CARTESIAN_POINT('Ctrl Pts',(48.5956428559041,5.68913513682555,-3.12849452767852));
#2768=CARTESIAN_POINT('Ctrl Pts',(48.6523392844755,6.985,-3.12849452767852));
#2769=CARTESIAN_POINT('Ctrl Pts',(48.7090357130469,8.28086486317445,-3.12849452767852));
#2770=CARTESIAN_POINT('Ctrl Pts',(48.7657321416183,9.19717969542648,-2.21217969542649));
#2771=CARTESIAN_POINT('Ctrl Pts',(48.8224285701898,10.1134945276785,-1.29586486317446));
#2772=CARTESIAN_POINT('Ctrl Pts',(48.8791249987612,10.1134945276785,-8.62119267511869E-15));
#2773=CARTESIAN_POINT('Ctrl Pts',(48.9358214273326,10.1134945276785,1.29586486317444));
#2774=CARTESIAN_POINT('Ctrl Pts',(48.9925178559041,9.19717969542648,2.21217969542647));
#2775=CARTESIAN_POINT('Ctrl Pts',(49.0492142844755,8.28086486317445,3.1284945276785));
#2776=CARTESIAN_POINT('Ctrl Pts',(49.1059107130469,6.985,3.1284945276785));
#2777=CARTESIAN_POINT('Ctrl Pts',(49.1626071416184,5.68913513682555,3.1284945276785));
#2778=CARTESIAN_POINT('Ctrl Pts',(49.2193035701898,4.77282030457352,2.21217969542647));
#2779=CARTESIAN_POINT('Ctrl Pts',(49.2759999987612,3.85650547232149,1.29586486317444));
#2780=CARTESIAN_POINT('Ctrl Pts',(49.3326964273326,3.85650547232149,-8.27395336218111E-15));
#2781=CARTESIAN_POINT('Ctrl Pts',(49.3893928559041,3.85650547232149,-1.29586486317446));
#2782=CARTESIAN_POINT('Ctrl Pts',(49.4460892844755,4.77282030457352,-2.21217969542649));
#2783=CARTESIAN_POINT('Ctrl Pts',(49.5027857130469,5.68913513682555,-3.12849452767852));
#2784=CARTESIAN_POINT('Ctrl Pts',(49.5594821416183,6.985,-3.12849452767852));
#2785=CARTESIAN_POINT('Ctrl Pts',(49.6161785701898,8.28086486317445,-3.12849452767852));
#2786=CARTESIAN_POINT('Ctrl Pts',(49.6728749987612,9.19717969542648,-2.21217969542649));
#2787=CARTESIAN_POINT('Ctrl Pts',(49.7295714273326,10.1134945276785,-1.29586486317446));
#2788=CARTESIAN_POINT('Ctrl Pts',(49.7862678559041,10.1134945276785,-8.62604443882981E-15));
#2789=CARTESIAN_POINT('Ctrl Pts',(49.8429642844755,10.1134945276785,1.29586486317444));
#2790=CARTESIAN_POINT('Ctrl Pts',(49.8996607130469,9.19717969542648,2.21217969542647));
#2791=CARTESIAN_POINT('Ctrl Pts',(49.9563571416183,8.28086486317445,3.1284945276785));
#2792=CARTESIAN_POINT('Ctrl Pts',(50.0130535701898,6.985,3.1284945276785));
#2793=CARTESIAN_POINT('Ctrl Pts',(50.0697499987612,5.68913513682555,3.1284945276785));
#2794=CARTESIAN_POINT('Ctrl Pts',(50.1264464273326,4.77282030457352,2.21217969542647));
#2795=CARTESIAN_POINT('Ctrl Pts',(50.1831428559041,3.85650547232149,1.29586486317444));
#2796=CARTESIAN_POINT('Ctrl Pts',(50.2398392844755,3.85650547232149,-8.27880512589223E-15));
#2797=CARTESIAN_POINT('Ctrl Pts',(50.2965357130469,3.85650547232149,-1.29586486317446));
#2798=CARTESIAN_POINT('Ctrl Pts',(50.3532321416183,4.77282030457352,-2.21217969542649));
#2799=CARTESIAN_POINT('Ctrl Pts',(50.4099285701898,5.68913513682555,-3.12849452767852));
#2800=CARTESIAN_POINT('Ctrl Pts',(50.4666249987612,6.985,-3.12849452767852));
#2801=CARTESIAN_POINT('Ctrl Pts',(50.5233214273326,8.28086486317445,-3.12849452767852));
#2802=CARTESIAN_POINT('Ctrl Pts',(50.5800178559041,9.19717969542648,-2.21217969542649));
#2803=CARTESIAN_POINT('Ctrl Pts',(50.6367142844755,10.1134945276785,-1.29586486317446));
#2804=CARTESIAN_POINT('Ctrl Pts',(50.6934107130469,10.1134945276785,-8.63089620254094E-15));
#2805=CARTESIAN_POINT('Ctrl Pts',(50.7501071416183,10.1134945276785,1.29586486317444));
#2806=CARTESIAN_POINT('Ctrl Pts',(50.8068035701898,9.19717969542648,2.21217969542647));
#2807=CARTESIAN_POINT('Ctrl Pts',(50.8634999987612,8.28086486317445,3.1284945276785));
#2808=CARTESIAN_POINT('Ctrl Pts',(50.9201964273326,6.985,3.1284945276785));
#2809=CARTESIAN_POINT('Ctrl Pts',(50.9768928559041,5.68913513682555,3.1284945276785));
#2810=CARTESIAN_POINT('Ctrl Pts',(51.0335892844755,4.77282030457352,2.21217969542647));
#2811=CARTESIAN_POINT('Ctrl Pts',(51.0902857130469,3.85650547232149,1.29586486317444));
#2812=CARTESIAN_POINT('Ctrl Pts',(51.1469821416183,3.85650547232149,-8.28365688960336E-15));
#2813=CARTESIAN_POINT('Ctrl Pts',(51.2036785701898,3.85650547232149,-1.29586486317446));
#2814=CARTESIAN_POINT('Ctrl Pts',(51.2603749987612,4.77282030457352,-2.21217969542649));
#2815=CARTESIAN_POINT('Ctrl Pts',(51.3170714273326,5.68913513682555,-3.12849452767852));
#2816=CARTESIAN_POINT('Ctrl Pts',(51.373767855904,6.985,-3.12849452767852));
#2817=CARTESIAN_POINT('Ctrl Pts',(51.4304642844755,8.28086486317445,-3.12849452767852));
#2818=CARTESIAN_POINT('Ctrl Pts',(51.4871607130469,9.19717969542648,-2.21217969542649));
#2819=CARTESIAN_POINT('Ctrl Pts',(51.5246058148383,9.8023589462391,-1.60700044461386));
#2820=CARTESIAN_POINT('Ctrl Pts',(51.5647317791969,10.015204088143,-0.778036756147239));
#2821=CARTESIAN_POINT('Ctrl Pts',(51.054180778827,10.1040133041964,1.83644663909562));
#2822=CARTESIAN_POINT('Ctrl Pts',(51.0643856430973,9.97627968413175,2.0533888860922));
#2823=CARTESIAN_POINT('Ctrl Pts',(51.0744137042839,9.82625466006853,2.25642245765894));
#2824=CARTESIAN_POINT('Ctrl Pts',(51.093682642049,9.48837311633045,2.62600344961904));
#2825=CARTESIAN_POINT('Ctrl Pts',(51.1030994669504,9.30186542889299,2.79193806890905));
#2826=CARTESIAN_POINT('Ctrl Pts',(51.1318680312719,8.71587553863337,3.21381847471992));
#2827=CARTESIAN_POINT('Ctrl Pts',(51.1514040440692,8.28148397289247,3.41228352230556));
#2828=CARTESIAN_POINT('Ctrl Pts',(51.1894281689815,7.36604006618785,3.62966656154413));
#2829=CARTESIAN_POINT('Ctrl Pts',(51.2066585817373,6.894193332689,3.64848267149612));
#2830=CARTESIAN_POINT('Ctrl Pts',(51.2440600735128,5.96471067728673,3.50474106921405));
#2831=CARTESIAN_POINT('Ctrl Pts',(51.2635737161651,5.51623932894852,3.34169573378531));
#2832=CARTESIAN_POINT('Ctrl Pts',(51.3016536879356,4.71100842118919,2.85466971431208));
#2833=CARTESIAN_POINT('Ctrl Pts',(51.3189375802049,4.3610717353878,2.5367652148144));
#2834=CARTESIAN_POINT('Ctrl Pts',(51.3562729538278,3.79942980806705,1.78213093011159));
#2835=CARTESIAN_POINT('Ctrl Pts',(51.3757633780903,3.59431522616759,1.35169920724516));
#2836=CARTESIAN_POINT('Ctrl Pts',(51.4138969279779,3.36181977638739,0.439621498229996));
#2837=CARTESIAN_POINT('Ctrl Pts',(51.4312404757199,3.33539548556178,-0.032994861683863));
#2838=CARTESIAN_POINT('Ctrl Pts',(51.4687299617877,3.46548506642879,-0.970459237237396));
#2839=CARTESIAN_POINT('Ctrl Pts',(51.4884325754069,3.62406050263764,-1.42577911215435));
#2840=CARTESIAN_POINT('Ctrl Pts',(51.5265806110621,4.1017614006355,-2.23667245180766));
#2841=CARTESIAN_POINT('Ctrl Pts',(51.5437662401545,4.41168139228425,-2.58723761268674));
#2842=CARTESIAN_POINT('Ctrl Pts',(51.5809840196166,5.15818791324007,-3.16099448625741));
#2843=CARTESIAN_POINT('Ctrl Pts',(51.6006928398929,5.5910030592596,-3.37429737717721));
#2844=CARTESIAN_POINT('Ctrl Pts',(51.6388900186653,6.50062952764427,-3.61677271333655));
#2845=CARTESIAN_POINT('Ctrl Pts',(51.6561187565821,6.96731357620151,-3.64901961742303));
#2846=CARTESIAN_POINT('Ctrl Pts',(51.6932691740094,7.90201846561911,-3.53391418971306));
#2847=CARTESIAN_POINT('Ctrl Pts',(51.712982956172,8.36038354911404,-3.38197753754739));
#2848=CARTESIAN_POINT('Ctrl Pts',(51.7512270440959,9.17869022182089,-2.91604203191369));
#2849=CARTESIAN_POINT('Ctrl Pts',(51.7685038480633,9.5336577198835,-2.61149717639438));
#2850=CARTESIAN_POINT('Ctrl Pts',(51.796669691043,9.97808782913792,-2.0507856769363));
#2851=CARTESIAN_POINT('Ctrl Pts',(51.8068587673279,10.1135753065438,-1.83747267072725));
#2852=CARTESIAN_POINT('Ctrl Pts',(51.8275152458902,10.3388378851185,-1.3845520882708));
#2853=CARTESIAN_POINT('Ctrl Pts',(51.8379271218944,10.4276535351646,-1.14601539746953));
#2854=CARTESIAN_POINT('Ctrl Pts',(51.8482137316332,10.4907820839428,-0.900151226130884));
#2855=CARTESIAN_POINT('Origin',(46.5014922322655,6.98500000000001,-9.22832102613333E-15));
#2856=UNCERTAINTY_MEASURE_WITH_UNIT(LENGTH_MEASURE(0.01),#2860,
'DISTANCE_ACCURACY_VALUE',
'Maximum model space distance between geometric entities at asserted c
onnectivities');
#2857=UNCERTAINTY_MEASURE_WITH_UNIT(LENGTH_MEASURE(0.01),#2860,
'DISTANCE_ACCURACY_VALUE',
'Maximum model space distance between geometric entities at asserted c
onnectivities');
#2858=(
GEOMETRIC_REPRESENTATION_CONTEXT(3)
GLOBAL_UNCERTAINTY_ASSIGNED_CONTEXT((#2856))
GLOBAL_UNIT_ASSIGNED_CONTEXT((#2860,#2862,#2863))
REPRESENTATION_CONTEXT('','3D')
);
#2859=(
GEOMETRIC_REPRESENTATION_CONTEXT(3)
GLOBAL_UNCERTAINTY_ASSIGNED_CONTEXT((#2857))
GLOBAL_UNIT_ASSIGNED_CONTEXT((#2860,#2862,#2863))
REPRESENTATION_CONTEXT('','3D')
);
#2860=(
LENGTH_UNIT()
NAMED_UNIT(*)
SI_UNIT(.MILLI.,.METRE.)
);
#2861=(
LENGTH_UNIT()
NAMED_UNIT(*)
SI_UNIT(.CENTI.,.METRE.)
);
#2862=(
NAMED_UNIT(*)
PLANE_ANGLE_UNIT()
SI_UNIT($,.RADIAN.)
);
#2863=(
NAMED_UNIT(*)
SI_UNIT($,.STERADIAN.)
SOLID_ANGLE_UNIT()
);
#2864=SHAPE_DEFINITION_REPRESENTATION(#2865,#2866);
#2865=PRODUCT_DEFINITION_SHAPE('',$,#2868);
#2866=SHAPE_REPRESENTATION('',(#1281),#2858);
#2867=PRODUCT_DEFINITION_CONTEXT('part definition',#2872,'design');
#2868=PRODUCT_DEFINITION('velodyne-vlp','velodyne-vlp16',#2869,#2867);
#2869=PRODUCT_DEFINITION_FORMATION('',$,#2874);
#2870=PRODUCT_RELATED_PRODUCT_CATEGORY('velodyne-vlp16',
'velodyne-vlp16',(#2874));
#2871=APPLICATION_PROTOCOL_DEFINITION('international standard',
'automotive_design',2009,#2872);
#2872=APPLICATION_CONTEXT(
'Core Data for Automotive Mechanical Design Process');
#2873=PRODUCT_CONTEXT('part definition',#2872,'mechanical');
#2874=PRODUCT('velodyne-vlp','velodyne-vlp16',$,(#2873));
#2875=PRESENTATION_STYLE_ASSIGNMENT((#2880));
#2876=PRESENTATION_STYLE_ASSIGNMENT((#2881));
#2877=PRESENTATION_STYLE_ASSIGNMENT((#2882));
#2878=PRESENTATION_STYLE_ASSIGNMENT((#2883));
#2879=PRESENTATION_STYLE_ASSIGNMENT((#2884));
#2880=SURFACE_STYLE_USAGE(.BOTH.,#2895);
#2881=SURFACE_STYLE_USAGE(.BOTH.,#2896);
#2882=SURFACE_STYLE_USAGE(.BOTH.,#2897);
#2883=SURFACE_STYLE_USAGE(.BOTH.,#2898);
#2884=SURFACE_STYLE_USAGE(.BOTH.,#2899);
#2885=SURFACE_STYLE_RENDERING_WITH_PROPERTIES($,#2915,(#2890));
#2886=SURFACE_STYLE_RENDERING_WITH_PROPERTIES($,#2916,(#2891));
#2887=SURFACE_STYLE_RENDERING_WITH_PROPERTIES($,#2917,(#2892));
#2888=SURFACE_STYLE_RENDERING_WITH_PROPERTIES($,#2918,(#2893));
#2889=SURFACE_STYLE_RENDERING_WITH_PROPERTIES($,#2919,(#2894));
#2890=SURFACE_STYLE_TRANSPARENT(0.);
#2891=SURFACE_STYLE_TRANSPARENT(0.);
#2892=SURFACE_STYLE_TRANSPARENT(0.);
#2893=SURFACE_STYLE_TRANSPARENT(0.);
#2894=SURFACE_STYLE_TRANSPARENT(0.);
#2895=SURFACE_SIDE_STYLE('',(#2900,#2885));
#2896=SURFACE_SIDE_STYLE('',(#2901,#2886));
#2897=SURFACE_SIDE_STYLE('',(#2902,#2887));
#2898=SURFACE_SIDE_STYLE('',(#2903,#2888));
#2899=SURFACE_SIDE_STYLE('',(#2904,#2889));
#2900=SURFACE_STYLE_FILL_AREA(#2905);
#2901=SURFACE_STYLE_FILL_AREA(#2906);
#2902=SURFACE_STYLE_FILL_AREA(#2907);
#2903=SURFACE_STYLE_FILL_AREA(#2908);
#2904=SURFACE_STYLE_FILL_AREA(#2909);
#2905=FILL_AREA_STYLE('',(#2910));
#2906=FILL_AREA_STYLE('',(#2911));
#2907=FILL_AREA_STYLE('',(#2912));
#2908=FILL_AREA_STYLE('',(#2913));
#2909=FILL_AREA_STYLE('',(#2914));
#2910=FILL_AREA_STYLE_COLOUR('',#2915);
#2911=FILL_AREA_STYLE_COLOUR('',#2916);
#2912=FILL_AREA_STYLE_COLOUR('',#2917);
#2913=FILL_AREA_STYLE_COLOUR('',#2918);
#2914=FILL_AREA_STYLE_COLOUR('',#2919);
#2915=COLOUR_RGB('',0.749019607843137,0.749019607843137,0.749019607843137);
#2916=COLOUR_RGB('',0.745098039215686,0.737254901960784,0.729411764705882);
#2917=COLOUR_RGB('',0.250980392156863,0.282352941176471,0.274509803921569);
#2918=COLOUR_RGB('',0.898039215686275,0.898039215686275,0.898039215686275);
#2919=COLOUR_RGB('',0.250980392156863,0.250980392156863,0.250980392156863);
ENDSEC;
END-ISO-10303-21;
